	A[C>A]A	A[C>A]C	A[C>A]G	A[C>A]T	C[C>A]A	C[C>A]C	C[C>A]G	C[C>A]T	G[C>A]A	G[C>A]C	G[C>A]G	G[C>A]T	T[C>A]A	T[C>A]C	T[C>A]G	T[C>A]T	A[C>G]A	A[C>G]C	A[C>G]G	A[C>G]T	C[C>G]A	C[C>G]C	C[C>G]G	C[C>G]T	G[C>G]A	G[C>G]C	G[C>G]G	G[C>G]T	T[C>G]A	T[C>G]C	T[C>G]G	T[C>G]T	A[C>T]A	A[C>T]C	A[C>T]G	A[C>T]T	C[C>T]A	C[C>T]C	C[C>T]G	C[C>T]T	G[C>T]A	G[C>T]C	G[C>T]G	G[C>T]T	T[C>T]A	T[C>T]C	T[C>T]G	T[C>T]T	A[T>A]A	A[T>A]C	A[T>A]G	A[T>A]T	C[T>A]A	C[T>A]C	C[T>A]G	C[T>A]T	G[T>A]A	G[T>A]C	G[T>A]G	G[T>A]T	T[T>A]A	T[T>A]C	T[T>A]G	T[T>A]T	A[T>C]A	A[T>C]C	A[T>C]G	A[T>C]T	C[T>C]A	C[T>C]C	C[T>C]G	C[T>C]T	G[T>C]A	G[T>C]C	G[T>C]G	G[T>C]T	T[T>C]A	T[T>C]C	T[T>C]G	T[T>C]T	A[T>G]A	A[T>G]C	A[T>G]G	A[T>G]T	C[T>G]A	C[T>G]C	C[T>G]G	C[T>G]T	G[T>G]A	G[T>G]C	G[T>G]G	G[T>G]T	T[T>G]A	T[T>G]C	T[T>G]G	T[T>G]T
A02	0	1	1	0	1	0	1	0	0	0	0	0	0	2	0	0	0	0	0	1	1	2	0	0	0	0	0	0	1	1	0	1	1	8	0	4	13	24	8	14	0	8	2	1	22	60	24	15	0	0	0	3	0	0	2	1	1	0	0	1	1	0	0	1	0	0	1	0	0	1	0	4	0	0	0	0	0	1	0	0	0	1	1	1	0	0	0	0	0	0	0	0	0	1	2	1
A06	1	0	1	0	1	0	0	1	1	0	0	0	0	1	0	1	0	0	0	0	1	1	1	0	0	0	1	1	1	1	0	1	0	9	1	0	24	34	17	23	1	10	4	3	23	60	25	17	0	2	0	3	0	2	0	0	1	0	0	1	0	1	0	2	0	0	1	0	0	0	0	0	0	0	1	2	1	3	1	0	0	0	1	0	0	0	0	1	0	0	0	1	0	0	0	0
COLO-829	11	1	1	0	27	5	11	16	3	1	1	0	5	3	0	4	0	1	0	0	0	2	2	2	1	0	2	0	2	3	1	5	2	15	3	3	44	82	11	58	2	12	4	7	64	172	40	74	7	2	1	2	2	1	0	1	1	0	1	2	3	1	0	2	3	0	2	2	4	4	2	6	3	5	1	5	8	2	1	2	1	0	1	4	0	1	3	4	2	4	17	5	1	0	2	3
D05	0	1	0	0	1	1	0	1	0	0	0	1	1	0	0	0	0	1	1	0	0	1	0	0	0	1	0	0	0	0	0	0	0	5	0	2	8	18	9	11	0	6	1	1	12	31	6	4	0	0	1	1	0	0	0	1	0	0	1	0	0	0	0	0	0	0	0	0	0	0	0	0	0	1	0	6	1	0	3	0	0	0	0	0	0	0	0	0	0	0	0	0	2	0	0	0
D14	0	0	0	0	1	0	0	0	0	0	0	0	1	0	0	0	1	0	0	0	0	0	0	0	0	0	0	0	0	1	0	1	0	3	1	2	9	15	5	11	0	5	1	2	21	41	11	6	1	0	1	0	0	0	0	0	0	0	1	0	0	0	0	2	0	1	0	0	0	0	0	0	0	0	0	0	0	1	0	0	0	1	0	0	0	0	0	0	0	0	0	0	0	2	0	0
D35	0	1	0	1	0	0	0	0	0	0	0	0	0	0	0	1	1	0	0	0	0	0	0	0	0	0	0	1	1	0	0	5	1	5	1	2	14	28	6	10	0	7	1	6	35	94	21	13	1	0	0	3	0	0	2	2	0	0	1	1	1	2	0	2	0	0	0	0	1	0	0	2	1	1	0	8	0	0	0	2	0	1	1	1	0	0	0	2	0	0	2	0	0	2	1	0
D36	0	0	0	0	3	1	0	0	0	0	0	1	0	0	0	2	2	1	0	0	0	0	0	0	1	1	1	0	1	0	0	2	0	1	0	1	13	7	7	7	3	6	0	3	16	52	14	10	1	0	0	1	0	0	1	0	0	0	1	0	0	1	0	1	1	1	1	2	1	0	0	1	0	0	1	4	1	1	3	2	0	1	0	1	0	1	0	0	0	0	3	2	0	0	0	3
D41	0	1	0	0	3	1	1	2	1	0	0	0	0	1	0	0	0	0	0	2	0	0	0	0	0	0	0	0	1	0	0	2	2	5	1	1	20	29	2	10	2	9	1	1	22	84	32	13	1	0	3	2	0	0	0	1	0	1	1	0	0	0	0	1	0	0	1	0	1	1	1	2	0	1	0	5	0	0	2	0	0	0	0	0	0	0	1	2	0	1	1	0	0	0	1	2
D49	0	0	0	0	1	4	0	2	1	1	0	0	0	1	0	1	2	1	0	2	1	0	0	2	0	0	0	0	1	0	1	3	0	3	0	2	11	19	3	11	1	3	0	1	11	25	11	12	0	1	0	4	0	1	0	0	0	2	2	2	0	4	0	12	2	1	2	3	1	0	0	1	0	1	2	4	2	3	3	7	0	0	2	0	0	0	1	4	0	0	0	0	0	0	0	25
ME001-Tumor	1	1	3	1	0	1	0	3	1	1	2	0	3	3	1	0	2	1	1	0	1	2	3	1	2	3	1	1	3	1	1	2	1	14	3	2	25	38	13	27	3	12	1	6	31	94	28	29	1	0	1	1	1	0	0	4	0	1	1	0	1	0	1	4	1	1	0	4	0	1	2	5	1	1	0	5	1	1	2	1	0	1	0	1	1	1	0	3	2	0	0	0	2	1	0	2
ME002-Tumor	1	1	0	3	4	2	8	3	0	0	0	0	2	3	0	1	0	1	0	0	0	0	0	1	0	0	0	0	0	1	2	0	1	16	2	10	46	95	30	58	2	25	4	19	83	220	68	80	2	1	0	8	0	3	1	1	2	1	2	2	1	4	4	7	1	3	0	1	2	4	4	5	1	1	7	13	5	5	4	3	2	1	1	0	0	0	0	0	0	0	0	4	0	1	2	2
ME009-Tumor	1	3	0	3	10	7	21	6	3	1	1	2	1	19	0	5	1	5	0	0	0	1	2	0	0	1	0	0	0	2	0	2	124	475	25	369	151	443	40	329	98	187	21	190	193	666	88	517	1	1	0	2	1	3	1	1	0	2	0	0	0	0	0	5	3	6	5	1	1	2	1	3	7	8	8	17	1	7	2	3	0	0	2	0	0	0	3	5	1	0	2	0	0	0	1	3
ME010-Tumor	1	1	0	0	17	5	26	6	0	1	0	0	2	2	2	2	0	0	0	0	1	0	0	2	0	0	0	0	0	1	0	2	2	18	0	9	25	43	13	32	1	14	2	6	51	120	32	31	2	0	2	1	0	0	2	1	0	0	0	0	0	2	0	2	1	4	1	4	2	7	1	5	1	1	1	11	1	2	1	1	1	0	3	2	0	2	0	1	0	1	4	2	0	1	1	0
ME011-Tumor	1	1	1	1	3	2	11	2	1	0	0	0	1	2	2	3	1	0	0	0	0	0	0	1	1	1	0	0	1	0	0	2	15	62	2	26	41	123	14	75	10	22	2	17	33	130	25	67	0	1	0	0	0	0	1	0	0	0	0	0	0	0	0	1	0	0	1	2	0	1	2	2	0	3	1	2	2	2	1	0	1	0	0	0	0	1	1	0	0	3	2	1	0	0	1	0
ME012-Tumor	1	1	0	0	7	9	55	13	0	0	0	2	2	4	2	0	0	0	0	0	0	0	0	1	0	0	0	1	0	0	0	2	0	6	1	5	25	33	2	27	0	3	0	2	44	79	29	29	0	0	0	2	0	0	0	0	0	1	0	0	0	0	0	4	0	0	1	0	0	0	0	0	1	0	0	1	0	0	0	1	1	0	0	0	0	1	2	1	0	0	0	0	0	0	0	0
ME014-Tumor	0	1	1	1	24	16	80	13	0	0	2	0	2	2	3	1	0	0	0	0	2	0	2	1	0	0	0	0	1	1	0	1	3	16	0	2	19	29	6	24	1	9	1	7	35	86	37	25	1	1	3	1	0	1	2	2	1	0	2	0	0	0	2	2	3	4	6	1	0	9	1	5	9	2	3	9	3	6	2	2	1	0	1	0	0	1	1	0	0	1	3	0	0	0	1	2
ME015-Tumor	1	0	0	0	13	7	30	5	1	0	0	2	0	0	5	1	1	0	0	1	0	0	0	0	0	0	0	1	1	0	0	0	0	1	0	1	0	1	8	2	0	0	0	1	1	2	3	3	0	0	1	0	0	0	0	0	0	0	0	0	0	1	0	0	0	1	1	0	1	3	0	1	0	3	1	3	0	0	0	0	0	0	0	0	0	0	0	0	0	0	0	0	0	0	0	0
ME016-Tumor	0	0	0	0	11	5	29	5	0	1	1	0	1	3	3	1	1	2	0	0	0	0	0	1	0	0	0	0	2	1	1	1	0	14	0	4	14	33	21	31	2	6	3	4	55	95	33	37	1	1	1	0	0	2	0	1	1	0	1	1	0	1	0	1	0	1	3	1	1	1	3	3	0	0	0	1	0	0	0	1	0	0	1	0	0	1	0	0	0	0	1	0	0	0	2	0
ME017-Tumor	0	2	1	1	8	3	31	9	0	0	0	0	3	1	4	5	1	0	0	0	0	1	1	0	0	0	0	0	0	2	0	1	2	20	0	4	53	92	18	62	0	17	3	22	93	202	73	63	0	0	1	2	0	0	2	2	0	0	1	3	2	2	1	6	1	0	1	3	0	0	2	3	0	1	0	1	1	1	1	2	0	0	0	0	1	0	0	0	0	0	2	3	0	0	2	0
ME018-Tumor	1	1	0	1	8	6	11	9	0	2	1	0	3	0	2	0	0	1	1	0	0	1	0	2	0	0	0	0	0	1	0	2	1	12	2	2	38	65	6	33	3	14	1	10	48	136	57	43	0	2	1	1	0	0	0	0	0	2	2	0	0	0	0	1	1	0	1	2	1	0	1	0	0	2	0	7	1	1	1	1	0	0	1	0	0	0	0	1	0	0	0	0	1	0	0	0
ME020-Tumor	1	0	0	0	2	2	14	8	0	0	0	3	1	2	2	2	1	0	0	0	1	2	3	1	0	0	0	0	1	2	1	4	0	15	3	6	34	56	11	43	1	20	1	2	63	152	41	40	0	0	1	0	1	1	0	0	0	0	2	0	0	0	3	4	2	1	1	1	0	2	3	3	0	1	2	9	3	0	0	0	0	0	2	0	0	2	0	0	1	1	3	0	0	1	0	1
ME021-Tumor	1	0	0	0	11	8	33	11	1	1	0	2	2	0	2	2	2	0	0	1	0	0	1	0	0	0	0	0	0	0	1	1	0	2	2	0	14	13	2	7	0	1	0	2	17	27	11	12	0	0	0	0	0	1	0	3	0	0	1	0	0	0	0	0	0	0	0	1	1	0	2	1	1	0	0	0	0	0	0	0	0	0	0	0	0	0	0	1	1	1	0	0	0	0	1	0
ME024-Tumor	0	2	0	0	4	0	5	3	2	5	0	2	2	1	4	0	2	1	1	0	0	0	0	2	0	0	0	3	1	1	0	4	5	21	3	8	45	77	6	57	3	17	3	9	56	183	70	69	0	2	0	6	0	1	1	5	0	0	0	1	0	1	2	8	4	1	0	5	2	1	4	4	4	8	1	12	3	4	1	2	0	0	2	1	1	1	0	4	0	0	2	3	0	1	1	2
ME029-Tumor	2	1	0	0	5	5	5	3	1	0	0	1	1	2	3	3	1	0	0	1	0	0	0	0	0	0	0	1	1	0	0	2	3	27	1	13	27	60	6	41	6	24	2	12	69	131	53	47	0	0	0	0	0	1	0	1	0	1	0	0	1	2	0	2	2	1	0	0	0	0	1	3	2	1	2	5	1	3	1	0	1	3	0	0	1	1	2	0	0	0	1	0	0	0	0	0
ME030-Tumor	2	0	1	2	4	2	0	1	1	0	0	0	2	2	0	0	0	0	0	0	1	0	0	0	0	0	1	0	0	0	1	1	0	13	2	1	27	46	9	30	1	14	1	11	35	91	28	35	0	0	1	3	0	0	0	1	0	0	0	1	2	0	0	1	0	0	1	1	0	1	0	3	1	1	0	9	0	4	1	1	0	0	0	0	0	0	1	2	1	0	1	0	1	0	0	1
ME032-Tumor	1	0	0	0	2	1	3	3	1	0	1	1	3	2	1	2	0	0	0	1	0	0	0	2	1	0	0	0	2	1	0	2	26	75	4	58	33	163	10	111	13	36	8	36	32	110	11	109	1	0	0	1	0	0	1	1	0	0	0	0	0	0	1	0	2	2	2	1	0	1	2	2	1	2	3	1	1	1	1	1	1	0	0	0	0	0	0	2	0	1	2	0	0	0	1	1
ME033-Tumor	0	1	1	1	12	7	28	7	5	0	1	0	2	3	4	2	1	1	0	1	2	0	0	0	0	0	0	0	0	1	0	0	1	9	2	6	34	47	10	26	1	6	1	1	45	99	39	35	0	1	2	0	0	0	0	0	0	0	0	0	0	0	0	3	1	0	0	1	1	1	1	1	0	0	1	3	0	0	1	0	0	0	0	1	0	1	0	2	0	0	1	1	0	0	1	1
ME034-Tumor	1	1	0	0	0	2	7	3	1	0	1	2	1	0	0	0	0	0	0	0	1	0	0	1	0	1	0	0	1	0	0	0	1	1	1	0	11	12	5	7	1	4	0	1	15	32	12	10	0	0	0	0	2	0	0	0	0	0	3	0	0	0	0	0	1	0	1	0	0	0	1	0	1	1	0	0	1	0	0	0	0	0	0	0	0	1	0	0	0	0	3	0	0	0	1	1
ME035-Tumor	1	0	0	2	7	0	2	6	0	2	0	1	1	2	0	3	1	0	1	0	0	0	0	0	1	0	1	1	1	2	2	0	0	13	2	2	24	42	5	14	2	8	4	4	33	62	22	31	0	0	0	1	2	0	2	0	0	0	1	0	3	1	0	0	2	0	0	0	0	2	3	2	2	2	2	2	0	1	1	1	1	0	0	1	0	0	0	1	0	1	5	1	0	0	0	1
ME037-Tumor	2	0	0	0	5	3	11	1	0	1	1	0	1	4	1	0	0	0	0	0	0	1	1	0	0	0	1	0	0	0	0	0	0	12	2	2	25	39	9	38	0	11	3	7	40	101	51	34	3	0	0	2	0	2	0	1	0	1	0	0	0	0	0	1	1	0	2	0	1	1	0	3	1	1	0	5	0	0	1	1	0	0	0	1	0	1	0	0	0	1	1	0	0	0	1	2
ME041-Tumor	0	1	0	0	6	9	33	4	0	1	0	2	3	2	3	3	0	0	0	0	0	0	0	1	0	1	0	0	0	0	0	2	0	10	2	4	24	40	10	26	0	4	2	8	37	113	35	37	0	1	2	1	0	0	2	0	0	0	0	1	0	0	1	0	0	0	1	0	0	1	0	1	0	0	0	0	0	1	1	0	0	0	0	0	0	1	0	1	0	1	0	0	0	0	1	0
ME043-Tumor	0	1	0	0	15	8	58	10	0	2	0	1	5	6	2	2	2	1	0	1	1	0	0	0	1	1	0	2	0	3	1	1	3	16	0	11	47	89	21	67	2	22	0	13	86	186	94	67	1	1	2	9	0	3	0	1	1	2	0	4	3	0	2	6	3	0	1	1	1	2	0	7	1	3	4	15	0	1	1	4	0	0	1	1	0	1	0	0	1	1	0	0	0	1	1	0
ME044-Tumor	2	1	0	0	11	10	28	9	0	0	0	2	2	2	5	4	1	0	0	1	0	1	2	0	1	0	0	1	0	0	1	1	1	31	4	5	50	100	14	81	1	19	2	24	89	287	95	67	1	0	0	2	1	0	0	2	0	0	0	2	1	1	0	4	1	1	2	3	0	0	2	8	3	3	0	15	5	3	0	3	0	0	0	1	0	1	3	4	0	0	3	0	1	1	1	1
ME045-Tumor	0	0	0	1	10	7	31	9	0	0	1	3	1	2	1	2	2	0	0	2	1	2	0	1	0	1	0	0	0	2	1	1	0	16	1	5	24	37	14	29	2	14	5	3	42	107	37	34	0	1	1	1	0	0	0	2	0	0	1	0	1	0	0	1	0	1	2	3	1	1	0	1	0	1	0	1	1	2	1	1	2	1	0	0	0	0	0	1	0	0	0	0	0	1	0	2
ME048-Tumor	2	2	1	1	30	15	141	19	2	1	0	1	4	0	4	1	2	2	0	2	2	0	0	0	1	2	0	1	4	1	1	5	0	9	0	4	15	15	4	10	2	3	3	4	18	47	24	14	0	0	1	1	0	0	0	0	0	1	1	0	0	1	0	0	1	1	1	2	0	1	2	1	0	1	3	5	0	1	2	0	0	0	0	1	0	1	2	3	0	0	1	0	1	0	0	2
ME049-Tumor	1	2	2	1	4	3	9	5	2	0	2	1	1	4	3	0	0	0	1	1	0	3	3	1	0	3	2	1	1	0	0	1	0	19	1	10	67	97	23	69	0	25	3	15	78	226	66	59	2	1	0	2	0	0	3	1	2	1	0	0	0	0	1	2	1	3	0	1	1	4	5	5	1	3	1	16	2	6	5	3	0	1	4	0	0	0	2	1	0	0	2	2	1	1	2	1
ME050-Tumor	2	0	0	1	10	4	22	9	0	1	3	0	1	2	7	3	2	0	1	2	1	0	0	0	0	2	1	1	0	1	0	3	2	17	4	9	40	54	16	38	0	17	4	10	60	129	33	45	2	0	0	3	0	2	0	0	2	2	1	1	2	0	0	5	2	0	2	2	1	0	0	7	0	1	1	4	2	3	2	3	1	2	1	1	0	0	2	4	2	0	3	1	0	2	1	4
Mel-BRAFi-03-Tumor	0	0	0	0	2	2	1	1	0	0	0	0	0	0	1	0	0	0	0	0	0	1	1	0	0	1	0	0	0	0	0	0	0	12	1	1	21	33	6	25	1	14	4	4	33	65	23	18	1	0	0	2	0	1	0	0	1	0	1	0	0	1	1	0	0	1	1	2	1	0	0	3	2	0	0	1	1	0	2	0	1	0	1	0	0	0	1	0	0	0	2	2	0	0	0	1
Mel_BRAFi_02_PRE-Tumor	2	2	0	0	6	2	3	3	2	1	0	2	0	4	0	1	1	0	2	0	5	2	2	1	2	1	1	0	6	2	0	1	4	30	2	10	72	94	15	81	4	29	4	14	126	294	87	70	3	1	2	3	0	0	1	3	1	0	0	1	1	2	1	5	1	0	4	3	1	0	0	8	0	1	1	7	3	4	4	3	1	0	0	2	1	1	0	2	0	0	3	2	1	0	2	2
PD10020a	0	3	0	0	3	2	3	5	1	1	0	1	2	2	1	4	1	3	0	2	1	2	2	1	0	1	2	0	1	1	4	2	0	32	1	12	100	145	23	105	2	31	3	21	151	304	97	106	6	0	0	5	0	4	4	5	2	1	2	0	0	1	1	9	2	1	3	3	1	4	1	8	1	0	1	8	1	4	4	1	0	0	1	0	0	1	1	3	1	1	6	2	0	1	1	1
PD10021a	1	1	0	1	2	4	0	0	2	2	0	1	2	3	2	1	2	0	0	0	2	3	0	2	0	1	2	0	0	1	0	1	30	163	6	83	77	227	34	169	19	134	10	64	96	392	50	148	1	0	0	3	1	0	3	1	0	0	1	2	3	1	1	0	0	3	2	4	2	1	1	9	3	2	2	7	1	2	1	0	0	1	0	1	1	2	0	2	0	0	4	1	1	2	0	1
PD10022a	1	0	0	0	0	0	0	2	1	0	0	0	1	1	0	1	0	0	0	0	0	0	0	0	1	0	0	0	0	0	0	0	0	13	0	4	17	31	8	21	1	3	1	2	20	72	17	23	0	1	0	2	0	0	1	0	0	1	0	0	0	3	0	1	0	0	0	0	1	0	0	2	0	3	0	0	0	0	0	1	0	0	2	0	0	1	0	1	0	1	0	0	0	1	0	0
PD9024a2	2	0	0	0	7	1	1	4	1	1	0	1	0	4	0	3	1	1	0	1	0	1	0	1	0	1	0	0	0	0	0	2	0	13	0	3	35	36	8	31	2	14	5	8	29	84	25	26	0	0	0	0	1	1	2	1	0	1	0	1	0	2	0	2	0	0	2	1	2	1	2	1	2	1	1	5	3	0	2	1	0	0	0	1	0	2	0	1	0	0	1	0	0	1	0	1
PD9024b	0	0	0	0	0	0	0	0	1	0	0	0	0	0	0	0	0	0	0	0	0	0	0	0	0	0	0	0	1	0	0	0	0	0	0	0	0	0	0	0	0	0	1	0	0	0	0	1	0	0	0	0	0	0	0	0	0	0	0	0	0	0	0	0	0	0	0	0	0	0	0	0	0	0	0	0	0	0	0	0	0	0	0	0	0	0	0	0	0	0	0	0	0	0	0	0
PD9025a	0	0	0	0	5	0	0	2	0	0	0	0	3	0	0	0	1	1	0	0	0	0	0	0	0	1	0	0	0	3	0	0	1	10	0	2	46	53	13	36	0	19	1	3	42	132	38	30	0	0	2	1	0	1	1	0	1	2	1	0	0	1	0	0	1	1	0	0	0	4	1	1	0	0	0	6	0	0	0	0	3	1	1	0	0	0	0	1	1	0	4	0	0	2	0	0
PD9025b	0	0	0	0	0	0	0	0	0	0	0	0	0	0	0	0	0	0	0	0	0	1	0	0	0	0	1	2	1	1	0	0	0	1	1	0	1	0	1	0	0	1	2	1	1	0	0	0	0	0	0	0	0	0	0	0	0	0	0	0	0	0	0	0	0	0	3	1	0	0	0	0	0	0	0	0	0	0	0	0	0	0	0	0	0	1	0	0	0	0	0	0	0	0	0	0
PD9026a	0	1	0	0	1	0	0	1	1	0	0	0	4	2	0	3	0	0	1	1	4	0	0	0	0	0	1	1	1	0	0	3	2	21	0	4	24	35	8	26	0	8	1	2	32	111	14	30	0	1	0	2	0	0	0	0	0	0	2	0	1	0	1	2	0	0	0	1	0	2	1	1	1	1	0	3	2	1	0	0	0	0	0	1	0	0	1	1	0	0	0	0	0	1	0	1
PD9027a	0	0	0	0	2	0	0	0	0	0	0	0	2	0	0	1	0	0	0	1	0	0	0	2	0	1	0	0	0	2	0	0	2	2	1	0	3	5	2	5	1	2	0	0	11	14	1	1	0	0	0	0	0	0	0	0	0	1	0	0	0	1	0	0	0	0	0	0	0	1	2	0	0	0	0	2	0	0	1	0	1	0	0	0	0	0	0	1	0	0	0	0	0	0	0	0
PD9027b	0	0	0	0	0	0	0	1	0	0	0	0	0	0	1	0	0	0	0	0	0	0	0	0	1	0	0	0	0	0	1	0	0	0	1	0	1	0	0	0	0	0	1	0	0	0	0	0	0	0	0	0	0	0	0	0	0	0	0	0	0	0	0	0	0	0	0	0	0	0	0	0	0	0	0	0	0	0	0	0	0	0	0	0	0	0	0	0	0	0	0	0	0	0	0	0
PD9028a	0	0	0	2	3	1	1	2	0	1	0	0	3	4	1	3	1	0	1	0	2	2	1	0	1	1	0	2	0	2	1	2	2	25	2	6	42	94	19	63	1	24	1	8	45	171	41	53	0	0	2	0	0	2	1	3	1	1	0	2	1	6	2	5	2	1	4	0	3	2	0	4	1	1	0	9	5	4	4	0	0	1	0	1	1	2	6	3	1	0	3	0	1	1	3	7
PD9028b	0	0	0	0	0	0	0	2	0	1	0	0	0	0	0	0	0	0	0	0	1	1	0	0	0	1	0	0	0	1	0	0	0	0	0	1	1	1	1	1	1	1	1	1	0	0	1	0	0	1	0	0	0	0	0	0	0	0	0	0	0	0	0	0	0	0	1	1	0	0	0	1	0	0	0	1	0	0	1	0	0	0	1	0	0	0	0	0	2	1	3	0	0	0	0	1
PD9029a	2	0	0	1	1	0	0	1	3	1	0	1	0	5	1	1	1	2	0	0	0	0	0	0	0	0	0	0	1	1	0	0	2	15	1	1	31	53	12	39	0	14	3	3	55	145	50	40	1	2	1	3	1	0	0	2	0	0	1	1	0	3	1	1	0	0	0	1	1	0	0	4	0	1	3	5	1	2	2	5	1	0	1	0	1	1	2	0	0	0	1	1	1	1	1	0
PD9030a	0	1	0	0	3	1	0	1	0	2	0	0	1	0	0	1	1	0	1	1	0	0	1	0	0	1	0	1	1	0	1	1	2	4	7	3	16	26	5	26	1	10	2	4	31	56	25	20	0	0	0	0	0	0	0	0	0	0	0	1	0	0	0	0	0	0	1	1	1	0	0	1	1	1	1	3	2	1	1	0	0	0	1	1	0	2	1	3	0	0	0	0	0	0	1	0
PD9031a	0	1	0	0	5	0	1	3	2	0	0	0	1	3	0	2	1	1	0	1	0	1	0	1	0	1	3	0	2	1	0	0	1	9	0	2	35	43	17	25	1	13	0	5	34	81	30	23	0	0	2	0	0	1	0	0	0	0	1	1	1	0	0	3	1	1	0	1	0	0	0	1	1	0	1	5	1	0	1	1	1	0	1	0	0	0	0	0	1	0	0	1	0	1	2	0
PD9032a	1	1	0	0	4	0	0	0	1	1	0	0	0	1	0	1	0	0	0	0	0	1	0	0	0	0	0	0	0	1	1	1	3	8	1	7	15	27	1	17	1	7	2	5	22	40	25	26	0	0	0	0	0	1	1	2	0	0	0	0	0	0	0	0	3	5	2	1	0	2	1	1	4	3	1	3	1	3	1	0	0	0	1	0	0	0	1	0	1	1	3	0	1	0	0	1
PD9033a	0	0	0	0	1	3	1	2	1	0	0	0	3	6	2	1	0	1	1	1	0	0	1	0	0	0	0	0	2	0	1	2	2	26	2	5	63	73	25	51	1	28	2	13	83	217	88	58	2	1	1	2	1	2	1	1	0	1	0	2	3	1	1	4	2	2	2	0	0	3	1	2	3	1	0	9	3	3	7	2	0	1	1	3	2	0	0	3	1	0	1	0	1	1	1	3
SKCM-13447-Tumor	1	3	0	1	15	3	9	7	2	3	5	2	8	5	3	8	0	0	1	1	0	1	2	1	0	0	2	1	2	1	1	2	0	17	4	2	76	77	19	49	3	19	2	15	80	198	62	55	2	2	0	4	0	0	2	2	0	1	1	0	3	3	1	3	0	0	1	2	0	1	5	8	0	3	0	11	1	3	2	2	0	0	2	0	0	1	2	0	0	0	5	1	0	1	0	0
SKCM-13456-Tumor	1	0	0	0	6	0	0	2	0	0	0	0	0	0	0	2	1	0	0	0	0	1	0	1	0	0	0	2	1	0	0	2	1	4	0	0	14	18	7	11	2	6	2	3	27	46	20	10	0	0	1	0	1	0	0	0	1	1	0	0	0	0	0	1	1	0	0	1	1	2	0	1	1	0	0	1	0	0	0	0	0	0	0	0	0	0	0	1	1	0	0	0	1	1	0	1
SKCM-13463-Tumor	1	3	0	1	3	1	0	2	1	2	0	0	1	1	0	1	0	0	0	4	0	0	0	0	0	0	0	0	0	1	0	1	2	8	0	4	26	34	9	23	1	11	3	4	40	66	25	21	0	0	0	1	0	0	1	1	0	1	0	1	2	2	1	4	0	0	2	1	0	1	4	3	1	3	1	1	1	1	0	3	1	0	1	1	1	1	2	3	0	0	0	2	0	1	1	1
SKCM-13468-Tumor	0	0	1	1	3	0	3	1	0	0	0	0	1	0	0	2	0	0	0	0	1	0	0	0	0	1	0	0	1	0	0	0	0	1	0	0	3	1	0	5	1	4	2	1	3	6	1	1	0	0	1	0	0	0	1	0	0	0	0	0	1	0	1	0	1	0	0	0	0	2	0	0	0	1	0	1	0	0	0	1	0	0	0	1	0	1	0	0	0	0	1	0	0	0	0	0
SKCM-13473-Tumor	0	0	0	1	3	2	0	1	2	0	0	0	0	1	0	1	0	0	0	0	0	1	1	1	0	0	0	0	1	2	0	1	0	12	2	1	28	29	8	26	0	1	0	6	42	107	34	23	1	0	2	2	0	2	0	0	0	0	1	0	1	0	0	0	0	2	1	3	0	0	0	0	1	2	0	2	2	1	0	2	0	1	2	0	0	0	0	0	0	0	1	2	0	0	0	0
SKCM-13531-Tumor	3	2	0	2	9	3	2	0	1	2	0	1	6	2	0	2	4	1	0	0	3	0	0	5	1	1	0	1	2	9	1	5	0	2	3	2	5	3	6	1	1	2	0	4	9	9	2	6	1	1	3	2	0	0	2	2	0	1	1	0	2	0	0	2	2	1	3	2	0	0	1	3	2	0	0	0	1	1	0	3	2	2	1	2	0	1	2	2	0	1	1	0	0	2	0	1
SKCM-13537-Tumor	0	0	0	0	3	0	0	1	0	3	0	0	2	0	0	1	0	1	0	0	0	0	0	0	0	1	0	0	0	0	0	0	0	4	0	2	9	15	0	9	1	6	2	2	26	41	17	16	0	0	1	1	0	0	1	0	0	0	0	0	0	0	0	0	0	0	0	0	1	1	0	0	0	1	0	2	0	2	2	1	0	0	0	0	0	0	0	0	0	0	1	1	0	1	0	0
SKCM-13543-Tumor	0	1	0	0	1	3	0	3	1	1	0	4	2	1	0	3	0	1	0	0	0	1	0	0	1	0	0	1	1	3	0	2	0	0	4	0	4	1	2	5	0	4	2	3	2	7	1	6	0	0	0	0	1	0	0	0	0	0	0	1	0	1	0	2	0	0	0	2	0	0	2	2	1	0	1	1	0	0	0	0	0	0	0	1	0	0	2	1	0	0	0	0	0	0	0	0
SKCM-13549-Tumor	1	3	0	0	3	2	5	1	2	3	0	0	0	1	0	0	0	0	0	0	0	0	1	1	1	0	0	0	0	2	0	2	1	3	0	3	13	18	6	18	0	6	0	1	19	50	12	21	1	0	0	2	0	0	0	0	1	0	0	0	0	0	2	1	0	1	1	1	0	2	0	1	1	0	0	0	1	0	0	0	0	0	0	0	0	0	1	0	0	0	1	0	0	1	2	0
SKCM-13560-Tumor	0	0	0	0	4	2	1	1	1	1	0	0	0	1	1	0	0	0	0	0	0	0	0	0	0	0	0	0	1	0	0	0	0	2	2	0	6	8	1	5	2	4	2	2	10	12	10	4	1	0	0	0	0	0	0	0	0	0	0	0	0	0	0	0	0	1	2	1	0	1	0	0	0	0	1	2	1	0	2	0	0	0	0	0	0	0	0	0	0	0	0	0	1	0	1	0
SKCM-13561-Tumor	0	1	0	0	6	1	0	1	0	0	0	0	4	2	0	1	0	0	0	1	1	1	0	0	0	0	0	0	1	0	0	0	0	10	1	2	25	44	8	23	0	10	2	8	42	94	41	35	1	0	0	0	1	1	1	0	0	0	0	2	2	1	0	2	0	0	0	0	2	3	1	1	0	3	1	10	2	0	4	2	0	0	0	0	0	2	0	1	0	0	1	0	1	0	1	0
SKCM-13567-Tumor	1	1	0	0	11	4	1	3	1	0	1	1	0	2	0	0	0	1	0	1	2	0	0	0	0	0	0	0	1	2	0	0	1	17	2	11	57	66	8	30	1	13	3	9	59	127	31	40	2	0	1	0	1	1	1	0	1	0	0	1	0	0	1	4	1	2	1	2	1	2	2	5	1	1	1	7	3	0	1	1	0	0	4	0	0	1	3	0	1	2	4	2	2	1	0	1
SKCM-13575-Tumor	1	2	0	1	4	1	0	1	0	0	0	0	1	1	1	1	0	0	0	0	0	1	2	0	0	2	0	0	2	3	0	1	1	24	3	7	46	87	17	58	1	18	1	12	69	190	64	54	0	0	2	3	1	1	0	1	1	0	2	0	1	0	0	0	1	2	1	1	4	1	1	7	0	2	1	8	1	2	2	1	0	1	0	0	1	0	1	1	0	0	2	0	1	2	0	0
SKCM-13591-Tumor	1	2	0	1	5	1	0	2	1	1	0	0	1	0	0	1	0	0	0	0	1	0	0	0	0	0	1	0	0	0	0	2	0	4	1	3	20	15	7	17	0	7	1	1	21	70	25	12	0	0	0	0	0	0	1	2	0	0	0	0	0	1	0	1	0	0	0	0	0	0	1	1	0	0	0	3	0	0	1	0	0	0	1	0	0	0	0	0	0	0	1	0	1	0	1	0
SKCM-13600-Tumor	0	2	0	0	16	2	1	3	1	1	1	1	3	1	0	3	1	1	0	0	2	1	0	0	2	1	0	0	1	1	1	0	0	11	1	10	38	44	14	33	2	13	2	13	63	126	49	42	1	1	1	3	0	2	0	3	0	0	0	0	1	1	1	3	1	0	0	0	1	1	2	3	1	0	0	4	2	1	2	0	0	0	3	1	1	0	0	1	0	0	2	1	0	1	2	2
SKCM-JWCI-14-Tumor	5	4	1	4	9	2	4	5	1	0	0	2	10	6	2	9	2	2	1	1	4	0	3	4	0	3	1	2	1	8	0	11	3	76	4	18	181	256	43	189	2	48	2	49	336	745	248	231	2	3	1	9	0	5	2	6	2	0	0	4	3	4	3	12	1	3	8	2	7	2	2	11	3	2	2	40	9	9	7	11	0	1	6	0	1	2	3	2	1	1	4	1	0	2	6	7
SKCM-JWCI-27-Tumor	0	2	1	2	8	1	0	8	2	3	0	2	10	9	0	9	3	2	1	1	2	1	0	4	0	2	3	1	1	5	1	7	2	74	6	22	188	266	67	216	5	86	6	48	387	831	277	248	5	5	5	23	3	8	3	10	1	0	4	7	3	6	2	33	7	3	5	6	10	5	8	20	1	3	1	28	16	7	7	11	3	3	3	3	2	4	11	12	1	0	8	4	4	6	4	7
SKCM-JWCI-WGS-1-Tumor	5	1	2	8	13	8	3	19	6	4	2	3	17	20	2	19	3	2	2	1	3	10	3	14	0	5	1	2	7	14	2	19	2	158	11	58	528	720	143	611	8	167	12	119	1107	2596	691	709	15	11	6	33	5	14	7	15	1	5	2	7	6	13	8	52	8	1	10	9	12	11	7	36	5	9	5	48	15	18	20	25	9	7	16	8	4	8	13	17	5	5	14	17	7	19	9	22
SKCM-JWCI-WGS-11-Tumor	2	1	0	2	1	0	2	2	5	0	2	1	5	2	0	4	0	1	0	0	0	0	1	1	0	0	0	0	4	1	0	5	1	20	1	9	75	91	26	61	4	27	3	15	106	231	72	91	1	2	3	3	0	2	0	0	1	0	0	1	0	2	0	3	2	1	1	1	4	1	1	6	3	1	2	8	2	2	2	3	0	0	3	2	0	0	0	1	0	1	1	0	0	0	1	1
SKCM-JWCI-WGS-12-Tumor	3	4	3	1	5	11	4	17	2	14	0	3	7	21	0	3	0	4	1	6	0	3	1	4	2	4	1	0	1	7	2	4	76	324	17	207	220	571	61	381	74	220	18	177	332	1040	173	504	1	3	3	9	0	10	3	9	4	2	1	2	3	5	1	20	3	7	1	4	5	3	3	16	4	5	10	20	8	2	6	7	1	2	1	4	0	4	7	9	2	1	5	2	0	3	3	7
SKCM-JWCI-WGS-13-Tumor	6	2	0	2	9	6	2	5	1	4	0	4	4	4	3	3	0	3	1	2	3	3	3	1	1	4	0	1	4	1	1	0	1	20	3	11	61	111	18	96	3	15	7	17	97	190	80	71	2	3	2	5	1	7	2	5	1	5	2	1	2	1	0	8	1	3	3	4	2	2	3	4	2	4	7	3	4	1	3	3	2	5	0	3	0	1	2	15	0	0	2	2	0	0	1	4
SKCM-JWCI-WGS-15-Tumor	1	0	0	1	2	2	0	1	0	1	0	1	3	5	0	1	0	0	0	0	0	0	0	0	1	0	0	0	2	0	0	1	1	5	1	2	20	26	4	26	0	7	2	3	23	70	20	22	0	0	1	0	0	1	1	0	0	0	0	0	0	1	0	0	1	0	1	1	0	1	0	3	0	0	0	0	1	2	1	0	1	0	1	0	0	2	1	0	0	0	2	0	0	1	0	1
SKCM-JWCI-WGS-18-Tumor	3	2	0	1	5	0	1	1	3	3	1	0	3	1	1	5	2	0	0	1	5	2	0	1	1	2	0	1	1	2	0	3	1	14	2	9	28	36	10	25	4	9	2	9	33	107	39	43	2	0	3	3	1	0	4	1	0	1	0	2	4	2	3	5	6	1	3	1	0	2	1	1	3	1	1	6	2	1	0	4	0	1	2	0	0	0	6	1	3	0	0	0	2	0	0	2
SKCM-JWCI-WGS-19-Tumor	1	3	1	0	1	0	1	4	0	0	2	3	3	3	2	2	2	1	1	1	0	0	0	0	0	0	0	0	0	1	0	2	1	4	2	5	19	22	9	20	1	9	1	9	22	58	22	22	0	2	2	2	0	0	0	0	0	0	1	0	1	1	0	1	0	1	1	1	1	3	3	0	1	1	0	8	2	1	2	0	0	2	1	0	0	0	1	0	0	1	1	0	1	0	0	0
SKCM-JWCI-WGS-2-Tumor	3	0	0	1	1	1	2	2	0	1	0	0	7	3	0	1	0	0	1	0	0	0	0	3	0	1	0	1	0	1	0	2	0	0	5	0	1	2	3	0	0	5	8	0	1	1	1	1	0	0	1	0	0	1	0	0	0	0	0	0	0	1	0	0	0	0	0	0	1	0	1	0	0	0	0	1	0	0	0	0	0	0	0	0	0	0	0	0	0	0	0	0	0	0	0	0
SKCM-JWCI-WGS-20-Tumor	3	3	2	1	22	7	3	10	5	4	3	3	4	6	1	8	2	1	0	1	0	3	0	1	1	3	0	0	8	2	0	4	1	1	2	0	9	18	3	20	6	4	4	4	6	8	5	4	0	0	2	1	1	2	3	3	0	0	1	1	0	2	1	0	1	7	3	3	1	5	5	0	3	3	3	5	1	4	0	1	0	1	1	0	0	0	0	0	0	0	0	0	0	2	0	1
SKCM-JWCI-WGS-21-Tumor	3	0	0	3	7	4	1	2	7	2	1	0	3	3	2	2	0	0	0	3	0	2	2	2	0	0	1	0	1	1	0	3	4	34	0	4	100	114	22	115	1	32	1	22	137	284	110	84	1	4	1	3	1	3	3	3	1	2	1	1	0	1	0	7	2	2	2	2	4	1	3	3	0	2	1	8	7	0	2	0	2	1	2	0	0	0	1	1	0	1	2	1	1	1	1	1
SKCM-JWCI-WGS-22-Tumor	3	1	0	0	6	3	3	6	3	1	2	1	3	3	0	3	0	0	0	1	2	0	1	1	1	1	0	0	3	4	0	0	2	37	4	16	144	181	35	132	3	37	1	31	239	577	137	133	1	1	2	4	0	3	2	3	0	1	3	2	3	0	0	3	1	3	5	7	4	1	1	7	1	1	1	16	3	2	0	5	2	1	4	2	0	1	4	1	0	0	8	1	0	1	1	1
SKCM-JWCI-WGS-23-Tumor	1	0	0	0	5	0	1	1	1	1	1	2	3	4	1	3	0	1	2	1	1	0	1	0	0	0	0	0	2	2	1	1	2	15	2	5	28	42	9	30	1	12	4	5	53	105	35	33	2	0	3	2	0	2	1	0	0	1	1	0	0	1	0	1	0	1	3	2	1	1	2	1	0	0	1	3	1	0	0	1	0	0	2	1	0	0	0	0	0	0	3	1	0	0	0	0
SKCM-JWCI-WGS-24-Tumor	2	2	1	1	4	4	1	5	3	1	0	3	2	2	0	3	3	1	0	1	1	0	0	3	0	2	0	0	1	0	0	1	1	4	2	0	15	22	6	13	1	7	1	2	23	58	18	20	0	0	0	0	0	0	0	1	0	0	0	0	0	0	1	0	0	0	1	0	0	0	1	2	2	0	0	6	3	0	2	1	0	0	0	1	0	2	1	0	0	0	0	1	0	0	1	0
SKCM-JWCI-WGS-25-Tumor	4	2	1	1	15	3	4	11	3	2	1	4	6	13	4	10	3	1	0	3	2	4	4	1	1	2	1	0	1	8	0	7	5	58	3	19	198	330	77	200	3	57	7	33	230	796	176	232	5	5	3	9	2	6	7	9	4	2	1	4	9	11	4	28	4	2	5	12	1	2	11	27	2	1	4	26	13	12	15	10	1	0	3	4	2	5	10	13	2	2	11	3	3	2	8	19
SKCM-JWCI-WGS-26-Tumor	3	1	2	1	1	0	0	1	4	2	1	1	4	3	0	1	0	0	0	1	0	0	0	3	1	3	1	2	0	1	0	0	5	11	6	8	3	12	0	13	0	11	5	8	5	11	1	1	0	2	4	0	2	0	1	1	0	1	0	0	1	0	0	0	8	6	1	3	4	5	4	1	6	5	3	6	4	3	2	0	0	0	0	0	0	0	2	3	0	0	2	1	0	2	0	0
SKCM-JWCI-WGS-29-Tumor	2	4	1	0	5	3	4	4	0	0	3	1	5	5	0	1	0	1	0	2	3	2	1	1	0	0	0	1	1	1	0	4	3	17	2	10	64	61	24	45	1	15	7	13	89	193	79	68	0	3	0	3	0	2	2	0	1	1	1	0	0	0	0	2	1	2	0	3	2	3	3	7	5	0	3	6	4	5	6	2	0	2	2	0	0	2	1	0	0	0	1	2	0	0	1	1
SKCM-JWCI-WGS-3-Tumor	2	3	1	3	5	4	4	8	1	5	0	1	7	6	2	2	8	2	0	4	4	0	1	4	2	4	2	2	4	4	2	11	3	20	0	12	53	89	14	71	7	19	3	14	67	204	81	86	3	4	3	2	2	6	6	5	3	1	0	0	0	2	3	4	0	1	4	0	2	4	3	9	4	4	2	3	3	4	2	3	0	3	2	1	0	2	3	3	0	1	4	3	0	2	0	0
SKCM-JWCI-WGS-32-Tumor	1	1	1	2	1	1	1	0	2	1	0	1	2	1	1	2	1	2	2	0	1	1	2	4	2	1	0	2	0	1	1	1	1	19	3	6	72	118	13	58	5	23	4	17	110	287	69	76	1	1	3	2	0	2	2	2	2	2	0	1	5	2	1	8	0	2	1	6	5	0	1	8	0	5	2	23	2	5	4	4	2	0	4	1	1	1	3	2	2	0	9	0	3	1	2	1
SKCM-JWCI-WGS-33-Tumor	1	1	0	0	6	2	4	5	1	3	2	2	1	3	0	1	0	1	0	0	0	3	0	2	1	1	0	0	3	3	0	1	1	13	0	6	35	41	9	30	2	14	4	11	42	134	49	49	0	3	0	5	0	0	0	4	0	0	0	0	1	3	0	3	2	1	1	0	0	1	0	2	1	1	0	8	3	1	1	2	1	0	3	0	2	1	1	0	0	0	1	0	1	0	2	2
SKCM-JWCI-WGS-34-Tumor	5	3	0	2	5	4	0	4	2	4	1	1	7	7	1	7	0	2	2	2	0	4	2	3	0	3	0	1	2	3	0	1	2	37	5	8	108	142	45	122	4	45	8	23	147	370	121	142	2	4	3	8	2	3	2	5	0	1	3	4	2	3	1	13	2	1	3	4	2	2	7	16	1	2	3	35	13	10	10	5	5	0	1	3	0	4	2	6	0	2	5	1	4	1	2	6
SKCM-JWCI-WGS-35-Tumor	2	1	0	1	4	2	0	2	1	0	0	0	3	2	1	2	0	1	1	0	2	1	0	1	0	1	1	0	0	0	1	0	1	13	1	5	45	102	11	55	0	19	2	21	112	241	55	79	1	1	0	3	1	0	1	2	0	0	0	0	0	0	0	3	2	1	3	1	1	2	1	3	0	0	0	1	3	4	0	0	0	1	0	0	0	2	0	2	0	3	1	1	0	1	0	0
SKCM-JWCI-WGS-36-Tumor	1	0	0	0	3	0	2	2	0	2	1	1	3	3	2	1	0	1	0	1	0	1	1	0	1	1	0	0	2	1	0	1	0	9	3	6	55	67	16	46	3	25	2	5	65	156	57	66	1	0	1	3	0	1	2	3	0	0	0	0	1	0	0	4	2	0	1	2	0	0	1	3	2	1	2	6	4	0	2	5	0	1	0	0	0	2	0	2	0	0	1	0	2	2	0	3
SKCM-JWCI-WGS-37-Tumor	4	2	0	2	2	3	0	3	0	4	1	2	3	1	1	0	0	2	0	1	0	0	0	0	0	0	0	0	0	0	0	0	0	0	2	1	7	9	2	6	1	2	1	1	11	25	5	6	0	0	0	0	0	1	0	0	0	0	2	0	0	0	0	0	0	1	0	1	2	0	2	0	1	1	0	3	0	0	1	0	0	0	0	0	0	0	0	0	0	0	1	0	0	0	0	1
SKCM-JWCI-WGS-38-Tumor	3	2	0	1	4	1	1	6	4	2	1	0	5	2	4	2	1	0	1	0	1	0	1	4	0	2	0	1	1	0	0	3	0	12	0	16	32	46	15	49	0	18	1	10	52	135	35	46	6	0	0	0	0	1	0	1	0	2	0	0	0	2	1	2	1	0	1	1	1	2	2	1	1	0	0	5	2	1	5	1	1	0	2	0	0	0	2	0	0	1	0	1	2	1	0	2
SKCM-JWCI-WGS-39-Tumor	3	6	0	4	10	3	2	3	3	1	0	4	4	5	1	5	2	0	1	1	0	0	1	1	1	1	1	0	1	1	0	1	1	30	2	13	105	128	30	97	1	36	0	20	169	329	118	99	1	2	2	3	0	0	0	0	2	0	2	0	0	0	1	2	0	1	0	4	2	0	0	1	0	0	1	7	1	2	3	0	0	2	1	0	0	0	0	1	1	0	5	0	0	0	0	1
SKCM-JWCI-WGS-4-Tumor	0	0	0	0	8	3	2	7	1	3	0	1	2	1	1	0	0	1	0	1	1	1	0	0	0	3	0	0	1	1	1	4	0	19	3	4	63	77	16	77	1	16	5	16	97	209	93	75	0	1	0	1	2	0	2	2	0	0	0	0	0	1	1	11	3	1	1	1	1	1	0	3	2	1	1	5	2	4	1	1	1	1	0	0	0	0	1	4	1	0	0	0	2	1	2	2
SKCM-JWCI-WGS-42-Tumor	2	0	0	1	5	2	2	1	1	2	0	2	3	2	0	0	0	0	1	2	0	0	1	1	0	0	0	1	2	3	1	3	1	13	3	5	42	52	19	40	2	18	1	5	56	142	41	38	0	0	0	1	0	1	0	0	0	0	0	0	1	0	1	1	1	0	0	3	1	1	1	1	1	0	1	6	2	1	4	1	0	0	1	1	0	1	0	0	1	0	3	0	0	0	0	2
SKCM-JWCI-WGS-43-Tumor	2	1	0	0	6	0	3	2	2	1	0	2	3	7	0	2	0	2	0	0	3	0	3	1	0	1	0	0	0	1	2	2	2	21	1	7	52	84	20	51	0	19	2	7	68	183	52	72	0	0	0	5	1	1	2	0	0	0	1	0	1	1	2	3	0	1	2	1	0	1	2	1	1	2	1	8	6	3	3	2	1	1	0	1	1	2	1	0	0	0	2	2	0	1	2	0
SKCM-JWCI-WGS-5-Tumor	4	2	0	4	4	0	0	5	0	1	0	0	2	4	0	3	2	0	0	3	3	2	1	3	0	0	0	0	3	3	1	1	1	15	5	4	37	59	16	44	1	17	4	12	79	172	62	49	0	1	2	4	0	1	1	0	0	0	0	0	1	0	0	2	2	4	1	2	2	3	3	3	2	0	0	12	2	1	1	3	0	0	2	0	0	0	1	1	0	1	1	1	1	0	0	0
SKCM-JWCI-WGS-6-Tumor	2	1	0	2	2	4	2	5	0	1	0	0	2	2	0	2	1	0	0	0	0	0	4	1	0	2	0	0	0	2	0	3	4	30	5	14	89	123	24	83	3	24	11	16	154	317	106	85	1	3	3	5	2	3	0	2	0	1	0	0	2	2	2	3	3	1	4	3	3	1	3	4	1	3	1	12	3	4	2	5	1	2	1	2	1	1	0	2	0	1	2	2	0	2	0	5
SKCM-JWCI-WGS-7-Tumor	4	3	1	4	8	4	0	4	3	3	1	1	9	13	1	8	0	4	1	0	3	1	6	5	2	3	2	1	4	2	2	6	5	101	4	31	237	311	57	244	3	85	6	60	498	1163	305	303	4	3	2	15	0	1	1	3	0	2	4	2	3	5	5	8	5	6	5	15	4	5	3	12	6	4	4	40	13	9	5	7	2	2	6	4	2	1	4	6	0	2	11	2	2	3	3	5
SKCM-JWCI-WGS-8-Tumor	4	0	0	2	4	0	1	2	0	3	2	1	3	2	0	3	3	1	0	0	0	1	1	1	1	0	1	0	1	4	0	1	0	16	4	9	51	55	13	47	2	10	1	20	61	149	44	48	2	0	1	1	0	1	0	5	0	0	1	1	0	1	0	1	2	1	1	2	1	1	1	2	2	0	1	6	0	2	2	1	0	0	1	0	0	1	0	3	0	1	1	0	0	1	2	2
SKCM-Ma-Mel-04-Tumor	1	0	0	1	1	0	0	0	0	0	1	0	0	0	0	0	0	0	0	1	0	0	0	0	1	0	0	0	1	0	0	2	0	7	0	6	25	33	6	21	2	7	1	6	35	81	20	24	2	0	0	4	0	0	2	1	1	0	0	0	0	0	0	2	0	0	0	2	2	0	1	0	1	0	2	7	2	0	2	0	0	0	0	0	0	0	0	0	0	1	1	0	3	0	1	2
SKCM-Ma-Mel-05-Tumor	0	2	0	4	3	1	2	7	5	4	2	1	1	4	0	3	1	0	1	1	3	1	2	2	1	3	0	0	1	2	0	4	2	13	3	9	72	101	13	71	1	16	1	16	112	217	83	78	2	2	1	1	2	2	5	9	0	0	1	2	3	0	1	1	2	0	2	3	5	9	5	3	0	9	3	5	5	3	0	0	2	0	1	2	0	2	1	3	1	1	4	1	2	1	1	4
SKCM-Ma-Mel-08a-Tumor	2	2	0	1	7	5	5	7	3	2	0	2	4	3	1	4	2	1	0	4	2	1	3	3	0	0	0	1	2	2	0	6	1	25	2	4	54	90	18	63	3	24	4	6	123	282	87	75	2	1	2	4	0	0	1	1	1	1	1	0	2	2	0	2	0	1	3	1	1	4	1	4	1	1	2	14	4	0	3	5	1	1	0	0	1	1	2	0	0	0	0	2	1	0	1	2
SKCM-Ma-Mel-102-Tumor	4	2	1	0	5	5	2	6	2	3	1	0	4	17	0	4	0	1	1	2	0	3	2	2	0	1	0	0	1	5	1	7	3	51	2	17	192	229	60	194	1	59	4	44	335	743	226	223	0	4	7	3	3	2	0	5	0	1	1	4	3	3	2	16	5	2	3	2	0	2	1	9	2	0	1	16	7	7	3	12	0	1	3	0	0	2	3	15	0	1	3	5	1	5	5	5
SKCM-Ma-Mel-103b-Tumor	0	3	1	1	3	0	0	5	1	2	1	1	6	7	2	5	0	1	3	1	1	1	2	2	1	1	1	2	1	6	1	5	4	36	2	10	144	182	36	145	3	37	5	39	255	546	215	186	4	1	1	10	2	2	3	9	0	2	2	2	3	5	6	19	4	2	7	2	5	6	2	20	5	5	1	35	8	9	6	12	1	2	2	1	1	2	4	2	1	1	3	2	2	1	4	4
SKCM-Ma-Mel-105-Tumor	4	1	0	2	3	1	0	1	0	1	1	1	1	3	0	0	0	4	2	2	2	0	2	0	0	0	0	0	0	3	1	2	5	24	0	4	62	109	29	78	1	16	1	11	77	265	86	87	2	1	0	2	0	3	0	2	0	0	0	2	0	1	2	6	0	1	6	1	0	2	0	3	2	2	0	8	4	2	3	4	1	3	3	3	0	1	0	2	0	0	5	1	2	1	1	4
SKCM-Ma-Mel-107-Tumor	0	2	1	0	2	1	0	3	1	0	1	1	2	3	1	1	1	1	0	1	0	1	0	2	3	2	1	0	3	0	1	5	1	1	5	0	5	2	6	4	5	3	2	2	3	5	1	0	0	1	0	0	0	0	0	0	2	2	2	0	0	0	0	1	1	3	1	2	0	0	1	0	1	0	0	0	0	1	1	1	0	0	0	0	0	0	0	0	0	0	0	0	0	0	0	0
SKCM-Ma-Mel-108-Tumor	1	0	1	2	0	1	0	1	0	0	0	0	2	1	0	2	0	0	0	0	1	0	1	0	1	1	0	0	0	0	0	0	0	2	2	1	8	13	4	11	2	0	0	4	18	64	19	9	0	1	0	0	0	0	0	0	0	0	0	0	1	0	0	1	1	1	0	0	1	0	0	1	0	1	2	0	1	0	0	1	1	0	0	0	0	0	0	0	0	0	0	0	0	0	0	1
SKCM-Ma-Mel-114-Tumor	1	6	1	1	6	1	5	2	1	1	1	1	9	11	2	8	0	0	3	2	2	2	2	2	0	1	2	0	3	3	1	5	4	92	5	23	292	385	84	297	6	93	10	78	539	1236	371	317	3	5	7	10	1	8	3	9	2	4	5	4	10	7	7	23	3	1	2	6	7	6	7	23	2	3	4	32	13	13	14	14	0	2	4	2	1	2	3	9	1	2	3	0	1	3	3	7
SKCM-Ma-Mel-119-Tumor	0	2	0	3	5	2	2	1	2	3	1	5	3	5	0	2	1	1	1	0	1	1	3	0	1	2	1	1	0	2	1	3	1	38	3	16	113	143	35	106	2	42	5	34	169	388	129	144	2	4	1	5	1	6	2	1	2	2	1	1	6	5	1	4	4	5	6	3	6	11	7	8	2	7	8	16	7	8	1	2	0	0	1	0	0	1	3	0	1	0	3	4	1	0	1	2
SKCM-Ma-Mel-120-Tumor	2	2	0	0	2	1	1	5	0	4	0	4	0	4	0	4	2	3	0	0	0	1	0	1	2	0	1	2	0	3	1	3	2	11	2	7	24	40	8	28	1	6	1	10	25	82	30	22	1	0	0	3	0	2	1	0	0	0	2	1	0	1	2	1	0	1	3	0	2	2	2	1	0	0	1	3	1	2	1	0	0	1	3	0	0	0	0	2	0	1	2	0	0	0	0	0
SKCM-Ma-Mel-122-Tumor	1	0	0	2	4	1	1	4	1	1	0	0	0	4	0	0	0	0	0	1	0	0	1	3	1	1	0	0	1	2	0	1	1	8	1	4	32	43	11	30	1	12	1	6	56	101	38	41	1	0	1	2	0	0	0	3	1	0	0	1	3	2	2	2	0	1	0	3	1	1	0	4	1	0	0	3	1	0	3	2	0	0	0	0	0	0	1	0	0	0	1	1	0	0	1	1
SKCM-Ma-Mel-123-Tumor	1	1	1	0	4	1	1	1	0	1	0	1	1	0	3	0	2	1	0	2	2	0	0	0	1	0	0	0	1	1	0	1	2	1	2	1	4	3	4	3	2	0	3	0	3	4	0	2	0	1	2	0	0	0	0	0	0	1	0	0	0	2	0	0	1	3	2	0	0	1	0	0	0	4	2	0	1	3	1	1	0	1	0	0	0	0	3	1	0	1	0	0	1	1	1	2
SKCM-Ma-Mel-15-Tumor	1	1	0	0	1	1	0	0	2	3	0	0	2	4	1	2	0	0	0	1	1	1	1	0	1	0	0	2	0	1	1	1	1	1	4	0	2	5	3	5	4	1	6	4	3	5	3	2	1	0	0	0	1	1	1	2	1	1	0	0	0	1	0	1	0	1	0	0	0	0	2	0	2	3	2	1	0	2	0	0	1	0	0	0	0	0	0	1	0	0	0	0	0	1	0	1
SKCM-Ma-Mel-16-Tumor	0	0	0	1	1	0	2	1	0	0	0	0	1	0	0	0	0	0	0	0	0	0	0	0	0	0	0	0	0	1	0	1	1	7	2	2	15	13	4	14	0	9	2	3	24	42	16	15	0	1	0	0	0	1	0	1	0	0	0	0	0	0	0	0	0	0	1	0	0	3	0	0	0	0	0	5	1	0	0	0	0	0	2	0	0	0	1	0	0	0	0	0	0	0	0	0
SKCM-Ma-Mel-19-Tumor	2	0	0	0	6	7	31	8	1	0	1	1	0	4	1	1	1	0	1	2	1	0	2	0	1	1	0	2	0	2	0	0	1	13	3	4	32	28	5	32	2	6	2	7	36	91	27	35	0	1	1	1	1	0	2	1	0	0	2	1	1	1	0	2	0	0	1	0	0	0	2	4	0	0	2	1	4	0	1	0	0	0	0	0	1	0	0	1	0	0	1	1	0	0	1	2
SKCM-Ma-Mel-27-Tumor	2	3	0	0	4	4	0	2	1	1	1	1	0	3	1	1	3	3	0	0	1	0	0	1	1	1	0	1	2	0	0	6	2	0	1	1	0	3	1	2	0	2	4	0	2	2	1	5	0	1	1	1	0	0	1	0	0	1	1	1	0	0	0	0	2	1	1	1	1	0	2	3	0	2	2	4	1	0	2	0	0	0	1	0	0	1	1	0	1	0	3	1	1	0	0	2
SKCM-Ma-Mel-28-Tumor	2	3	0	2	4	1	0	1	2	3	0	1	2	3	0	4	1	0	0	0	3	1	0	3	0	0	1	0	3	1	1	3	0	0	2	2	4	7	6	4	1	1	0	0	14	4	5	10	2	2	0	0	1	0	0	1	1	1	0	1	0	1	0	0	2	2	1	0	1	4	1	1	1	0	1	5	0	0	1	0	0	0	1	1	0	1	1	1	0	0	0	1	0	0	1	0
SKCM-Ma-Mel-35-Tumor	6	1	0	1	4	1	0	6	2	3	0	0	3	5	0	6	0	2	1	0	0	0	2	2	0	1	1	0	1	1	0	4	5	47	3	11	132	160	37	114	2	37	5	24	186	470	125	129	3	4	3	10	1	4	5	3	2	0	1	3	3	2	2	6	1	4	1	2	6	7	3	10	6	4	1	19	6	4	2	10	1	0	0	1	1	2	3	2	1	1	0	1	0	2	2	2
SKCM-Ma-Mel-36-Tumor	4	2	1	4	4	1	2	8	7	2	0	4	1	4	3	5	2	1	0	5	1	2	0	2	0	0	0	1	2	2	1	5	1	11	2	2	46	78	11	67	2	12	2	8	74	204	49	51	1	0	2	1	0	3	0	9	1	1	2	0	5	11	4	37	1	0	1	2	1	2	1	7	1	2	1	3	7	8	8	17	1	1	1	1	1	0	4	5	0	0	0	1	0	5	1	18
SKCM-Ma-Mel-37-Tumor	1	0	0	1	5	4	0	4	3	0	0	0	4	4	2	2	0	0	0	0	1	2	1	0	1	0	0	2	0	2	2	0	2	13	5	9	94	127	29	72	2	20	2	18	109	271	93	81	0	0	0	6	2	1	3	1	1	1	0	1	3	2	2	13	0	1	2	4	1	2	2	6	0	4	1	16	6	6	2	4	1	0	2	1	0	1	2	3	0	1	1	3	0	1	3	5
SKCM-Ma-Mel-48-Tumor	4	4	2	2	14	14	44	13	1	1	0	1	6	14	4	5	6	2	1	1	1	4	4	0	1	1	3	1	1	4	4	3	5	56	3	19	181	236	54	187	11	58	3	50	272	733	252	232	6	3	6	15	1	5	6	7	3	2	5	2	3	2	4	11	3	2	7	9	7	4	13	19	6	2	8	57	9	8	10	13	7	2	3	1	2	2	6	10	0	1	7	5	5	1	6	14
SKCM-Ma-Mel-53-Tumor	0	4	0	0	0	3	1	1	1	1	0	0	0	1	0	0	0	0	0	0	1	0	0	0	0	1	1	0	0	0	0	5	3	4	4	2	17	31	5	14	0	7	0	6	26	61	22	27	0	2	0	0	1	1	0	1	0	1	0	0	1	2	0	1	3	0	1	4	0	2	3	1	0	0	0	6	0	1	1	1	0	0	0	0	0	0	1	2	0	0	0	1	0	1	1	2
SKCM-Ma-Mel-54a-Tumor	1	2	1	0	5	2	1	2	0	1	0	0	1	1	0	0	0	0	2	1	0	0	1	0	2	0	0	0	0	1	0	0	3	11	2	3	36	47	11	26	4	13	2	6	35	113	31	40	0	0	1	3	0	0	1	2	1	0	0	0	1	0	1	2	3	0	0	3	1	0	1	0	1	2	2	7	2	0	0	1	0	0	2	0	0	1	1	1	0	0	4	0	0	0	1	0
SKCM-Ma-Mel-55-Tumor	41	10	16	55	115	35	167	46	8	3	8	8	75	15	77	51	4	2	1	1	4	3	0	0	3	0	1	4	1	3	1	4	1	1	1	2	15	14	6	12	1	4	2	4	13	36	10	11	0	0	0	0	0	1	0	0	0	0	0	1	0	0	0	0	2	0	1	0	0	0	2	0	3	4	3	3	2	3	0	2	0	0	0	0	0	0	0	0	0	0	1	0	0	0	0	0
SKCM-Ma-Mel-59-Tumor	3	0	1	1	1	0	0	0	0	1	0	0	0	1	0	1	1	1	0	0	0	1	3	0	0	0	0	0	0	0	1	1	1	2	0	1	15	18	1	11	1	2	4	7	8	50	17	17	1	0	1	1	1	0	0	2	0	0	0	0	2	0	1	3	2	1	0	2	0	0	1	2	1	0	1	4	2	0	1	0	0	1	1	0	0	1	0	0	1	0	0	0	1	2	0	1
SKCM-Ma-Mel-62-Tumor	1	1	0	3	1	1	2	0	0	0	0	2	0	2	0	1	2	1	0	1	2	0	1	0	0	0	0	0	2	1	1	4	0	5	2	5	18	25	4	26	3	5	1	2	32	55	29	14	0	1	0	1	1	0	0	1	1	1	3	0	0	2	0	0	6	4	5	3	0	3	0	1	3	3	3	4	0	2	2	1	0	0	2	0	0	1	2	0	0	2	1	1	0	0	0	1
SKCM-Ma-Mel-63-Tumor	1	0	1	1	6	4	2	6	1	1	2	2	6	4	1	3	0	1	1	1	0	2	1	2	0	2	1	1	3	3	0	4	3	21	2	5	61	66	19	61	2	20	6	11	64	169	69	70	2	1	0	4	2	1	0	2	0	2	1	3	3	1	3	8	1	1	0	2	0	4	2	10	0	1	2	4	4	4	2	4	0	0	1	0	2	0	2	3	1	1	0	1	2	1	2	4
SKCM-Ma-Mel-65-Tumor	1	3	0	2	13	10	11	7	2	1	0	1	5	10	0	3	0	0	0	0	2	3	5	0	0	2	2	1	4	9	2	4	4	80	1	21	218	327	68	237	2	59	1	55	494	1064	335	290	6	3	5	4	3	6	2	8	1	1	2	2	1	5	2	19	2	1	3	2	2	2	1	13	2	2	3	19	5	6	3	10	4	4	4	3	0	2	3	4	0	0	1	2	0	2	1	7
SKCM-Ma-Mel-67-Tumor	5	3	1	2	8	3	1	7	1	1	1	2	6	5	3	8	1	0	0	0	0	3	3	3	1	2	1	1	2	4	4	1	0	75	2	34	171	283	45	344	4	72	1	145	616	1385	425	507	3	1	2	15	4	8	8	6	3	1	2	3	4	6	2	9	4	1	3	4	5	6	7	27	0	3	1	29	6	4	6	6	4	1	3	0	0	1	1	3	0	0	1	5	0	2	3	3
SKCM-Ma-Mel-71-Tumor	0	1	0	0	1	2	11	0	0	0	0	0	4	1	0	3	1	1	0	1	0	1	1	1	0	0	0	0	4	2	1	2	2	2	1	0	1	2	2	2	0	0	0	1	1	1	1	1	0	0	0	0	0	0	0	0	0	0	0	0	0	0	0	0	0	0	0	3	0	1	1	2	1	2	0	0	1	0	1	0	0	0	1	0	1	1	0	0	0	0	0	0	2	0	1	0
SKCM-Ma-Mel-76-Tumor	1	2	0	1	0	0	2	1	0	1	0	1	1	1	1	3	2	1	0	4	2	1	0	2	1	5	1	0	2	2	0	4	0	3	5	3	2	3	11	3	3	3	2	2	5	3	5	3	1	1	1	0	0	1	1	0	1	0	1	1	1	0	0	0	4	3	2	0	2	5	1	2	3	2	4	1	1	0	1	1	0	3	0	1	1	0	0	2	0	0	2	0	0	0	0	2
SKCM-Ma-Mel-79-Tumor	0	1	1	1	6	7	14	1	0	0	1	0	1	3	1	3	1	0	2	0	0	1	0	1	1	0	1	2	3	1	1	3	1	24	3	9	60	75	16	54	0	15	3	9	80	165	57	61	1	1	1	2	0	0	2	3	2	0	0	2	0	4	5	2	3	1	1	1	0	1	1	2	2	2	2	23	3	3	3	1	0	1	0	0	0	2	3	2	0	4	1	1	0	1	0	1
SKCM-Ma-Mel-85-Tumor	0	0	0	1	4	2	0	3	1	1	1	2	1	4	1	4	2	0	2	1	0	0	1	1	1	2	1	1	2	1	0	1	2	53	3	11	114	123	20	89	2	26	2	25	174	392	118	107	4	2	2	5	0	2	2	2	1	2	3	1	3	1	0	5	0	2	4	4	2	1	3	4	2	2	1	25	3	5	4	2	0	3	4	3	0	2	3	2	0	2	7	0	1	1	3	1
SKCM-Ma-Mel-86-Tumor	0	0	0	1	3	1	0	3	0	1	0	3	0	2	0	3	2	0	0	0	2	0	0	1	0	1	0	0	1	1	1	0	0	9	2	7	45	36	7	39	1	17	0	8	66	110	38	40	2	3	0	1	0	1	0	0	0	0	0	0	1	0	0	2	0	1	0	2	2	0	0	1	1	0	0	8	3	2	3	2	0	0	1	1	0	1	0	1	0	2	3	1	1	0	1	0
SKCM-Ma-Mel-91-Tumor	1	2	0	1	0	0	1	0	1	0	0	0	0	0	1	2	0	0	0	1	1	1	0	0	1	0	1	0	0	1	0	1	0	2	2	5	15	22	9	21	1	9	4	5	23	65	21	19	0	1	0	0	0	0	0	1	0	0	0	1	1	1	1	0	0	1	1	0	0	1	0	2	0	1	0	4	1	1	1	0	0	1	1	1	1	0	0	0	0	0	1	1	1	0	2	2
SKCM-Ma-Mel-92-Tumor	0	0	0	1	3	4	1	2	1	2	1	1	1	1	0	2	0	0	0	0	1	1	0	0	1	0	1	1	2	0	0	2	3	13	2	1	19	14	13	27	3	10	5	2	40	54	41	25	0	1	1	0	2	1	0	3	0	0	0	1	1	1	3	0	1	1	1	0	1	0	0	1	0	1	1	1	1	3	2	0	0	0	3	0	0	0	0	1	0	0	1	1	0	1	0	3
SKCM-Ma-Mel-94-Tumor	1	0	0	1	5	2	2	4	1	2	1	2	0	6	0	5	0	0	0	2	1	2	0	1	0	4	1	0	0	1	1	4	4	26	1	16	103	146	31	125	8	32	4	19	204	392	141	112	1	1	2	5	0	1	2	8	1	0	2	1	1	5	3	4	1	2	6	4	2	4	4	8	1	1	1	11	6	4	6	4	1	2	2	1	0	0	1	3	1	1	5	1	1	0	2	2
SKCM-UKRV-Mel-20-Tumor	3	1	0	0	3	3	1	3	0	2	1	2	1	4	0	2	3	1	1	5	1	0	1	2	0	3	0	1	1	0	0	5	1	31	5	12	68	100	15	77	3	23	2	16	104	257	78	76	3	1	2	1	1	1	2	2	1	0	0	1	1	0	0	3	1	1	3	4	0	0	2	5	1	2	2	14	3	2	3	4	1	4	7	1	0	0	3	2	1	1	5	0	3	3	4	1
SKCM-UKRV-Mel-24-Tumor	1	0	0	0	0	0	1	8	0	0	0	1	2	0	0	3	0	2	0	1	2	1	0	1	1	1	0	1	1	0	0	3	4	19	0	8	46	58	9	30	1	12	1	6	36	126	36	40	0	0	3	1	0	0	0	2	0	0	2	2	1	4	2	3	2	0	1	2	3	1	4	3	1	1	1	8	2	1	0	4	1	0	2	1	0	0	1	0	0	0	2	1	2	0	3	1
SKCM-UKRV-Mel-6-Tumor	1	0	0	0	5	2	3	3	0	0	0	1	2	1	1	1	0	0	0	0	0	0	0	1	0	2	1	0	0	1	0	5	0	17	2	5	27	32	7	42	6	5	0	12	72	139	49	41	0	1	0	2	1	1	0	0	0	0	0	0	1	1	0	2	4	2	3	1	1	3	2	0	1	2	4	1	1	4	3	1	1	0	0	2	0	1	0	1	1	0	2	0	0	1	0	0
TCGA-BF-A1PU-01A-11D-A19A-08	0	0	0	0	3	0	5	0	0	0	0	0	0	0	0	0	0	0	0	0	0	2	2	0	0	0	0	0	0	0	0	0	0	4	0	0	8	12	1	6	0	1	1	1	4	21	9	3	0	0	1	0	0	0	0	0	0	0	0	0	0	0	0	0	1	1	0	0	0	0	1	1	0	0	0	0	0	0	0	0	0	0	0	0	0	0	0	0	0	0	0	0	0	0	0	0
TCGA-BF-A1PV-01A-11D-A19A-08	0	0	0	0	2	0	0	0	0	0	0	0	0	0	1	2	0	1	1	0	0	0	1	1	0	0	0	0	1	1	1	0	0	11	1	2	14	28	9	17	0	7	0	2	26	93	27	25	2	1	0	0	0	0	0	0	0	0	0	0	0	0	0	0	1	0	1	3	2	0	0	2	0	3	1	4	0	0	0	1	0	0	0	0	0	0	0	0	1	0	1	0	0	1	1	1
TCGA-BF-A1PX-01A-12D-A19A-08	0	2	0	0	1	1	1	0	0	0	1	0	1	0	0	1	1	0	0	0	0	2	0	0	0	0	1	0	1	0	0	0	0	11	1	5	31	50	10	35	0	11	0	7	28	111	31	38	0	0	0	1	0	0	0	1	0	0	0	0	0	1	0	2	0	0	2	1	2	1	1	2	0	0	2	6	2	1	2	0	0	0	0	0	0	0	0	0	0	0	1	0	1	0	0	1
TCGA-BF-A1PZ-01A-11D-A19A-08	1	0	0	0	9	1	1	2	0	0	0	0	1	1	0	0	0	1	0	0	1	2	3	1	0	0	0	1	1	0	1	0	1	9	1	0	20	30	6	18	0	7	2	4	14	58	23	18	0	0	0	0	0	0	0	1	0	0	0	0	0	0	1	1	0	1	1	0	0	2	0	1	0	0	0	1	1	0	1	1	2	1	0	3	0	0	0	0	0	0	0	0	0	0	1	0
TCGA-BF-A1Q0-01A-21D-A19A-08	1	0	0	0	18	1	13	3	0	0	0	1	2	7	0	2	2	1	2	1	1	11	1	3	2	0	2	1	3	0	0	5	0	21	4	4	37	69	16	54	2	20	3	15	86	187	70	53	1	0	2	1	1	2	3	0	0	0	0	1	0	1	1	8	0	2	1	0	0	2	2	5	4	1	2	5	0	7	3	1	0	0	1	2	1	0	2	7	0	0	4	5	3	1	1	4
TCGA-BF-A3DJ-01A-11D-A20D-08	0	0	0	0	2	1	2	1	0	0	0	0	1	0	0	0	0	1	0	1	0	0	0	0	0	0	1	0	0	0	0	0	1	4	0	2	14	12	4	10	0	3	2	2	19	36	17	10	0	0	0	0	0	0	1	0	0	0	0	0	0	1	0	0	0	0	0	0	0	2	0	1	1	0	0	2	1	0	0	1	0	1	0	0	0	0	0	0	0	0	0	0	0	1	0	0
TCGA-BF-A3DL-01A-11D-A20D-08	0	0	0	0	2	2	0	0	0	0	0	0	1	1	0	4	1	0	1	0	0	2	0	1	0	0	0	0	1	0	1	1	0	17	3	0	30	48	8	32	3	8	4	10	71	124	51	34	2	1	1	1	0	2	0	2	1	1	0	0	0	0	1	1	1	0	0	1	1	2	2	3	0	0	0	7	0	3	1	0	0	0	1	1	0	1	1	1	0	0	1	0	0	0	0	1
TCGA-BF-A3DM-01A-11D-A20D-08	1	1	0	0	0	0	0	1	2	0	0	0	4	2	1	1	0	1	0	0	1	1	1	1	0	0	0	0	0	0	0	0	0	9	2	6	47	63	15	43	3	10	0	7	58	125	48	40	1	0	2	5	0	1	0	0	0	1	0	1	2	2	1	2	3	1	1	0	0	1	2	3	0	0	0	3	2	1	0	1	0	1	0	1	0	1	0	2	0	1	1	0	0	1	0	0
TCGA-BF-A3DN-01A-11D-A20D-08	0	0	0	1	1	1	1	1	0	0	0	0	0	0	0	1	0	1	0	0	0	0	0	0	0	0	0	0	0	0	0	0	0	0	0	2	3	8	1	3	1	3	0	3	10	19	6	5	0	0	0	0	0	0	1	0	0	0	0	0	0	0	1	0	0	0	2	0	1	1	0	0	0	1	1	1	1	0	0	0	0	0	0	0	0	0	0	0	0	0	1	0	0	0	0	0
TCGA-D3-A1Q1-06A-21D-A196-08	1	0	0	0	1	0	1	0	1	1	0	0	2	2	0	0	1	1	0	0	1	1	1	0	3	2	0	1	0	0	0	0	0	1	2	0	1	3	2	0	2	0	3	0	1	1	0	1	0	0	0	0	0	0	1	0	0	0	0	0	0	1	0	0	0	0	0	0	2	1	2	1	1	1	0	0	0	0	0	0	0	0	0	0	1	0	0	0	0	0	0	0	1	0	0	0
TCGA-D3-A1Q3-06A-11D-A196-08	0	0	0	0	5	0	19	1	0	0	0	0	0	0	1	0	0	0	0	1	4	6	7	0	0	1	0	2	2	0	1	1	2	1	0	0	0	0	2	1	0	0	1	0	1	1	2	0	0	1	0	0	0	0	0	0	0	0	0	0	0	1	0	2	0	0	2	0	0	2	4	0	2	1	6	0	0	0	3	0	0	0	1	0	0	0	0	2	0	0	0	0	0	0	0	0
TCGA-D3-A1Q4-06A-11D-A196-08	1	1	0	0	2	1	1	2	0	0	0	0	0	1	1	0	2	0	0	0	1	0	1	0	1	0	0	0	1	0	0	0	0	8	2	2	22	20	3	20	1	6	2	2	35	89	21	16	1	1	0	2	0	1	1	0	1	0	0	0	0	0	0	0	0	0	2	2	0	2	1	0	1	0	1	4	0	0	0	0	0	0	1	0	0	1	1	1	0	0	2	1	0	0	0	0
TCGA-D3-A1Q5-06A-11D-A196-08	1	2	1	0	6	3	3	2	0	0	0	1	1	1	1	1	1	0	2	0	1	0	0	0	0	0	0	0	1	1	0	0	0	5	2	6	31	52	6	27	0	14	2	2	29	95	36	22	0	0	2	1	1	0	1	0	0	1	0	0	0	0	0	2	0	1	0	2	1	0	2	2	1	4	0	1	0	0	0	0	2	1	1	0	0	0	0	0	0	0	3	0	0	0	2	0
TCGA-D3-A1Q6-06A-11D-A196-08	1	1	0	0	2	4	3	1	1	1	0	0	1	5	1	2	1	1	0	1	0	4	1	1	0	0	2	0	0	1	0	4	1	17	4	5	84	92	27	89	4	19	3	14	87	211	72	85	0	0	2	1	0	1	0	0	0	1	0	0	1	3	1	3	1	1	1	2	6	0	0	10	1	1	1	10	2	1	0	2	0	1	1	0	0	0	3	0	0	1	1	0	0	1	1	1
TCGA-D3-A1Q7-06A-11D-A19A-08	0	0	0	0	0	0	1	0	0	0	0	0	0	2	0	0	0	0	0	0	0	0	0	0	0	0	0	0	0	0	0	0	0	2	1	3	7	11	2	9	0	2	0	0	9	26	10	9	0	0	0	0	0	0	0	0	0	1	0	1	0	0	0	0	0	0	0	0	0	0	1	1	0	0	1	0	0	0	0	0	0	1	0	0	0	0	0	0	0	0	0	0	0	0	1	0
TCGA-D3-A1Q8-06A-11D-A19A-08	1	0	0	0	0	0	2	1	0	0	0	0	2	0	0	1	0	0	0	0	0	0	0	0	0	0	0	1	1	1	1	2	0	8	2	3	17	19	7	23	1	7	0	3	20	59	16	22	0	0	0	0	0	0	0	1	0	0	0	0	0	0	0	0	0	0	0	1	0	1	1	1	1	1	1	5	1	1	0	0	1	1	1	0	1	1	1	0	0	0	1	0	0	0	0	0
TCGA-D3-A1Q9-06A-11D-A19A-08	0	0	0	0	1	0	0	0	0	0	0	0	1	0	0	3	0	0	0	0	0	0	0	1	0	0	1	0	0	2	0	2	0	0	1	0	1	0	2	0	0	0	0	1	1	1	2	1	0	0	1	0	0	0	0	0	0	0	0	0	0	0	0	0	0	0	1	0	0	0	0	1	0	2	0	2	0	0	0	0	0	0	0	0	0	0	0	1	0	0	0	1	0	0	0	0
TCGA-D3-A1QA-06A-11D-A196-08	0	0	2	0	2	1	13	1	1	0	0	2	0	0	1	3	0	1	0	0	0	2	3	0	0	0	1	0	0	0	2	3	1	13	4	2	26	37	15	44	1	13	6	12	50	117	41	41	1	0	0	2	0	0	0	0	1	0	1	0	0	1	1	2	1	1	0	1	1	1	0	2	0	2	0	4	1	1	1	0	0	0	3	0	0	0	0	0	0	0	0	0	0	1	0	0
TCGA-D3-A1QB-06A-11D-A19A-08	1	1	0	0	2	1	1	1	0	0	0	0	1	1	0	0	2	1	0	0	1	0	0	0	1	0	0	0	0	2	0	0	0	14	2	4	25	45	17	22	0	14	0	3	38	89	36	30	0	0	0	0	0	0	1	0	1	0	1	1	1	2	0	4	1	0	1	1	0	3	2	4	1	0	0	4	2	1	2	1	0	0	1	0	0	2	1	1	0	0	2	1	0	1	0	1
TCGA-D3-A2J6-06A-11D-A19A-08	0	0	0	0	5	0	21	0	0	0	0	0	0	1	0	0	0	0	0	0	2	1	3	1	0	0	0	0	0	0	0	0	0	0	1	0	2	0	2	1	0	1	0	0	2	2	1	1	0	0	0	0	0	0	0	0	0	0	0	0	0	0	0	0	0	0	0	0	1	1	1	1	0	1	0	0	3	1	0	0	0	0	0	0	0	0	0	1	0	0	1	0	0	0	0	0
TCGA-D3-A2J7-06A-11D-A196-08	0	0	0	0	1	0	1	0	0	0	0	0	0	1	0	0	0	0	0	0	0	0	1	1	0	1	0	0	0	0	0	0	1	6	1	8	31	35	7	30	0	10	1	3	36	91	31	34	0	1	0	2	0	0	1	0	0	0	0	0	1	1	0	0	0	0	0	2	0	1	1	2	1	1	0	3	1	1	0	0	0	0	0	0	0	0	0	1	0	0	3	0	0	0	0	1
TCGA-D3-A2J8-06A-11D-A196-08	0	0	0	0	1	2	5	1	0	0	0	1	1	1	0	1	0	0	0	1	0	2	0	0	0	1	0	0	0	1	0	2	3	16	2	6	45	63	11	41	1	8	2	13	71	223	84	55	0	0	0	4	0	1	0	0	0	0	1	1	3	0	0	1	0	1	1	1	1	1	1	5	2	0	0	9	1	0	1	1	0	2	0	0	0	0	1	0	0	1	0	0	1	0	1	1
TCGA-D3-A2J9-06A-11D-A196-08	0	0	0	0	0	0	0	1	0	0	0	0	0	1	0	0	1	0	0	2	0	1	0	0	1	0	1	0	0	0	0	0	0	5	0	1	5	6	6	8	0	3	1	1	5	20	8	7	1	0	0	1	0	0	0	0	0	0	0	0	0	0	0	1	0	0	0	0	0	0	0	0	1	0	0	2	0	0	1	0	0	0	0	0	0	0	0	0	0	0	0	0	0	0	0	0
TCGA-D3-A2JA-06A-11D-A196-08	1	0	1	1	4	2	2	0	1	0	1	1	0	2	0	1	0	1	0	1	1	0	1	2	0	2	0	0	1	1	0	2	0	6	2	3	32	28	11	30	0	12	3	10	34	87	27	20	1	0	1	3	0	1	0	1	0	0	2	1	0	0	2	1	2	0	3	1	2	2	0	5	0	0	1	4	1	0	2	1	0	1	0	0	1	0	0	0	0	1	5	0	1	0	0	1
TCGA-D3-A2JB-06A-11D-A196-08	0	1	1	0	1	0	15	0	0	0	1	0	1	1	1	0	0	1	0	0	0	0	3	1	1	0	0	1	0	0	0	1	0	0	1	0	0	0	0	1	1	0	0	0	0	1	1	1	0	0	0	0	0	0	0	0	0	0	0	0	0	0	0	0	0	0	0	0	0	0	0	0	0	1	0	1	0	0	0	0	0	0	0	0	0	0	0	0	0	0	0	0	0	0	0	1
TCGA-D3-A2JC-06A-11D-A19A-08	0	0	0	1	3	0	7	4	0	0	0	0	0	1	0	0	1	1	0	0	2	4	6	2	0	0	0	0	0	0	0	0	0	7	1	2	14	24	2	13	1	8	2	1	15	53	27	18	0	0	0	0	0	1	1	0	0	0	0	0	0	0	0	1	1	0	0	1	0	0	1	0	2	3	0	3	0	0	2	0	0	0	0	0	1	0	0	0	0	0	0	0	0	0	0	0
TCGA-D3-A2JD-06A-11D-A19A-08	0	0	0	0	5	1	5	2	1	1	0	0	0	1	0	0	0	0	0	1	1	0	1	0	0	1	0	0	0	1	0	0	0	12	2	3	27	56	8	37	0	8	0	1	31	114	35	44	1	1	0	1	0	0	0	2	0	0	0	0	0	0	1	0	0	0	1	1	0	0	2	1	1	0	0	1	2	0	1	2	0	0	0	0	0	1	0	4	0	0	2	0	1	2	0	0
TCGA-D3-A2JF-06A-11D-A196-08	1	4	2	1	6	2	3	3	1	0	0	0	1	2	0	4	1	1	3	2	0	1	2	0	0	2	1	0	1	1	0	0	2	28	1	11	117	158	32	123	2	29	7	33	180	444	151	103	1	2	3	5	0	1	2	3	0	0	2	1	2	4	4	5	1	0	0	6	2	4	2	9	1	0	2	8	4	0	2	2	3	0	3	1	0	1	1	0	0	0	7	0	1	1	1	3
TCGA-D3-A2JG-06A-11D-A196-08	1	1	0	0	3	1	5	0	0	0	0	0	0	2	0	1	1	1	0	0	1	1	0	0	0	0	0	0	0	0	0	0	0	1	0	0	7	10	6	6	0	3	0	6	10	27	11	7	0	0	0	0	0	0	0	1	0	0	0	0	0	0	0	0	0	0	0	1	1	0	0	0	0	0	0	0	0	1	0	2	0	0	0	0	0	0	0	1	0	0	0	0	0	0	0	0
TCGA-D3-A2JH-06A-11D-A196-08	1	0	0	0	2	1	3	1	1	0	0	0	2	1	0	0	0	1	2	0	0	1	1	0	1	1	0	0	1	2	0	1	0	26	4	4	40	75	19	42	2	23	3	18	67	148	76	49	1	1	1	3	0	1	3	1	0	0	0	1	0	1	0	3	2	1	3	1	0	2	0	3	2	0	0	6	2	2	2	0	0	1	2	0	1	1	1	2	0	0	2	1	1	1	3	0
TCGA-D3-A2JK-06A-11D-A196-08	0	1	0	1	5	1	1	5	0	0	0	0	0	0	0	0	0	0	0	0	0	0	0	0	0	0	0	0	1	0	0	1	0	9	2	5	24	27	6	25	0	10	0	7	28	77	27	25	1	0	0	1	1	0	3	0	0	0	0	0	0	0	0	0	1	0	0	1	0	0	2	1	0	1	0	1	1	0	2	0	0	0	1	0	0	0	1	1	1	1	0	0	0	1	0	0
TCGA-D3-A2JL-06A-11D-A196-08	0	1	0	0	3	2	10	2	0	0	0	0	0	0	1	0	0	1	0	0	2	0	0	1	1	0	0	0	2	2	0	0	2	5	2	1	18	32	9	22	0	10	2	6	32	81	29	30	1	1	0	0	0	0	1	0	0	0	0	0	0	0	2	2	0	1	1	0	0	1	2	1	0	1	0	4	3	4	3	2	0	0	0	0	1	0	0	2	0	0	0	1	0	0	0	0
TCGA-D3-A2JN-06A-11D-A196-08	0	0	0	0	2	2	7	1	1	0	0	0	2	0	3	1	1	2	0	0	2	0	2	1	0	0	0	0	2	2	0	0	0	11	1	2	27	36	7	22	1	7	2	9	43	82	29	20	0	0	0	2	0	0	0	0	0	0	0	1	1	1	0	0	1	0	2	2	1	0	0	3	1	1	1	2	1	1	0	2	0	1	0	0	0	2	1	2	0	0	1	0	0	0	0	3
TCGA-D3-A2JO-06A-11D-A196-08	2	1	0	0	4	1	9	3	1	0	0	1	1	5	2	1	1	3	2	4	5	1	1	1	1	3	2	0	1	6	2	6	3	16	2	6	42	45	14	39	2	9	2	5	59	187	64	39	1	1	1	2	1	0	1	2	0	1	1	0	0	1	1	3	3	0	4	3	4	4	3	5	2	1	2	15	3	5	3	1	1	0	4	0	0	0	2	2	0	0	1	2	3	1	0	3
TCGA-D3-A2JP-06A-11D-A19A-08	0	0	0	0	6	0	3	0	0	0	0	0	0	0	0	0	0	0	0	1	1	2	1	0	0	0	0	0	1	3	0	1	1	2	1	2	20	36	10	15	0	2	0	5	29	68	35	24	0	0	1	1	0	0	0	0	0	1	0	0	0	0	0	0	0	0	1	1	2	1	1	2	0	0	1	2	0	1	0	1	0	1	0	0	0	0	0	0	0	0	0	0	0	0	0	0
TCGA-D3-A3BZ-06A-12D-A196-08	1	0	0	0	0	0	0	1	0	0	0	1	0	0	0	0	2	2	0	4	0	0	0	1	0	1	0	2	1	1	0	6	1	1	2	0	1	1	1	1	0	1	3	0	2	2	2	0	0	0	0	0	1	2	0	3	0	0	0	1	0	0	0	0	1	0	1	1	0	1	2	3	1	2	0	1	1	1	1	0	0	0	1	0	0	1	2	5	0	0	0	2	0	0	0	2
TCGA-D3-A3C1-06A-12D-A196-08	0	0	0	0	1	1	0	2	0	0	0	1	3	0	1	0	0	0	0	1	0	1	0	2	0	1	0	0	0	0	0	1	5	1	0	4	6	16	9	11	1	7	2	5	11	26	13	13	0	0	0	2	0	0	0	1	1	0	0	0	1	0	0	0	1	0	0	0	0	0	1	2	0	0	2	0	0	0	2	0	0	0	2	0	0	0	1	0	0	0	1	1	0	0	0	0
TCGA-D3-A3C3-06A-12D-A19A-08	0	0	1	0	6	0	1	1	1	0	0	1	0	1	0	1	2	1	1	1	1	0	0	1	0	0	0	0	3	1	0	4	0	5	7	5	16	32	8	21	0	4	4	2	21	54	19	25	0	0	1	1	0	1	1	2	0	0	0	1	0	2	0	2	0	0	0	1	1	0	4	1	1	3	0	0	4	1	0	0	0	0	1	1	0	0	1	0	1	0	1	1	0	1	0	0
TCGA-D3-A3C6-06A-12D-A196-08	0	0	0	0	4	0	4	0	0	0	0	0	0	0	0	0	0	1	0	0	0	1	0	0	0	0	0	0	0	0	0	0	0	1	2	0	9	14	1	6	0	0	0	1	7	37	9	4	0	0	0	0	0	1	0	0	0	1	0	0	0	0	0	1	0	0	1	0	0	0	1	3	0	0	0	1	0	0	0	0	0	0	0	0	0	1	0	0	0	0	0	0	0	0	0	0
TCGA-D3-A3C7-06A-11D-A196-08	0	0	0	0	9	1	3	2	2	0	0	0	3	2	2	3	0	1	0	2	0	1	2	0	0	1	0	0	1	0	0	2	1	19	2	9	63	104	16	70	2	14	1	11	106	260	88	64	0	1	0	5	0	3	3	11	3	4	0	1	7	4	3	20	2	0	0	2	0	1	4	6	0	1	0	14	3	3	7	7	1	0	1	0	0	0	3	4	1	0	1	2	0	2	0	5
TCGA-D3-A3C8-06A-12D-A19A-08	0	2	0	0	7	2	2	2	0	0	0	0	1	0	0	0	1	1	0	1	1	1	2	0	1	0	0	1	1	0	3	1	0	17	0	7	48	85	11	87	1	13	0	16	88	219	69	59	1	1	3	0	0	1	1	0	1	0	0	0	0	2	0	2	2	1	1	1	0	1	2	4	1	1	1	8	5	4	1	1	0	0	1	0	1	3	2	1	0	0	4	1	0	0	2	3
TCGA-D3-A3CB-06A-11D-A196-08	0	0	0	0	1	1	1	1	0	1	0	0	1	1	0	0	0	0	0	0	1	1	2	0	0	1	0	0	1	0	1	1	0	5	2	1	22	28	6	19	0	6	1	3	34	71	23	23	0	0	0	1	0	0	0	0	1	0	0	0	0	0	2	0	0	0	0	1	1	0	0	0	0	0	0	7	0	0	1	0	2	0	1	0	0	0	0	1	1	0	1	0	0	0	0	2
TCGA-D3-A3CC-06A-11D-A19A-08	1	0	0	1	0	0	0	0	0	0	0	0	1	2	0	0	1	0	0	1	1	0	0	0	0	0	0	0	2	0	2	5	1	0	1	0	1	0	1	1	0	2	0	2	1	1	0	2	0	1	0	0	0	0	0	0	0	0	0	0	0	0	0	0	0	0	0	1	0	0	1	1	0	1	0	0	0	1	0	0	0	0	0	0	0	0	0	2	0	0	0	0	0	0	0	0
TCGA-D3-A3CE-06A-11D-A19A-08	0	0	0	0	2	0	3	0	0	0	0	0	0	0	0	0	1	0	0	0	1	4	3	1	1	0	0	0	0	0	1	0	0	2	3	0	0	2	2	0	0	0	0	0	2	3	3	2	0	1	0	0	0	1	0	0	0	1	0	0	0	0	0	0	3	0	0	0	1	0	0	0	0	0	0	2	0	0	0	1	0	0	0	0	0	0	0	0	0	0	0	1	0	0	0	0
TCGA-D3-A3CF-06A-11D-A196-08	0	1	0	0	2	2	0	0	0	0	0	2	1	0	1	2	0	0	0	0	1	0	0	1	0	0	0	0	1	0	0	3	0	0	0	0	1	3	1	1	0	0	0	0	0	1	2	1	0	0	0	0	0	1	1	0	0	0	0	0	0	0	0	0	0	1	0	0	1	0	0	2	0	0	0	2	0	0	0	0	0	0	0	0	0	0	0	0	0	0	1	0	0	0	1	0
TCGA-D3-A3ML-06A-11D-A21A-08	0	0	0	0	0	1	1	1	0	1	1	0	2	2	1	2	0	0	1	1	1	0	0	0	0	1	0	0	0	2	2	1	4	16	1	10	67	91	16	53	0	23	2	17	120	269	107	80	2	0	1	4	0	1	0	1	1	1	2	3	0	2	0	4	2	0	4	4	3	2	0	3	2	1	2	19	5	3	4	0	2	0	1	0	0	1	2	2	1	0	2	1	0	1	1	0
TCGA-D3-A3MO-06A-11D-A21A-08	0	0	0	0	2	0	0	1	1	0	0	0	1	0	1	0	0	0	0	0	0	0	0	0	0	0	0	0	1	0	0	2	1	1	2	2	2	6	0	1	1	4	0	3	7	10	5	5	0	0	0	0	0	1	1	0	0	0	0	0	1	0	0	0	0	0	1	0	1	1	0	1	0	0	1	1	0	0	0	1	0	0	0	0	0	1	0	0	1	0	0	0	0	0	0	0
TCGA-D3-A3MR-06A-11D-A21A-08	1	1	1	0	3	0	1	2	0	2	0	2	7	3	0	1	0	2	0	1	0	0	2	0	0	0	2	1	2	3	0	2	1	19	2	8	60	73	19	74	1	17	1	10	85	255	82	85	1	0	0	3	0	3	1	2	0	0	0	4	2	3	1	4	2	1	0	2	1	1	0	11	1	2	2	6	1	3	1	7	0	1	0	0	0	2	2	1	1	1	4	1	2	4	0	3
TCGA-D3-A3MU-06A-11D-A21A-08	0	0	1	0	5	2	0	1	0	0	0	0	1	2	1	2	2	0	0	0	0	0	1	0	1	0	0	0	0	3	0	3	3	9	0	5	31	35	10	38	0	11	0	12	62	149	34	36	1	1	0	2	1	1	0	0	1	0	1	1	3	2	2	4	1	1	1	2	0	0	0	4	1	0	2	4	0	3	0	0	1	0	2	1	0	1	3	2	0	0	5	0	1	2	0	1
TCGA-D3-A3MV-06A-11D-A21A-08	0	1	0	0	1	0	0	2	0	0	0	0	0	0	0	0	0	0	1	0	0	2	1	0	0	0	0	0	1	0	0	0	2	16	2	2	46	49	12	39	0	17	4	6	72	145	62	49	0	0	0	2	1	0	1	2	1	1	0	0	1	0	1	1	3	1	1	2	0	2	2	5	0	0	0	7	1	2	0	1	0	1	0	0	0	0	1	0	0	1	0	1	0	1	0	2
TCGA-D9-A148-06A-11D-A19A-08	0	0	0	1	2	0	3	1	0	1	0	1	2	2	0	2	1	1	0	1	1	0	3	0	0	1	1	0	2	4	0	2	1	3	3	3	20	23	7	25	1	5	2	7	30	59	23	31	1	0	3	2	1	0	0	2	0	0	0	1	1	0	0	1	0	1	2	2	0	2	1	1	2	0	1	1	1	0	1	0	2	1	0	1	0	1	0	0	0	1	1	1	2	1	0	1
TCGA-D9-A149-06A-11D-A196-08	0	1	0	0	1	2	1	0	0	0	0	1	3	1	0	1	0	1	0	0	1	0	1	0	1	0	0	0	1	2	0	0	0	1	1	4	16	21	17	16	0	4	0	1	19	52	26	16	2	0	2	1	0	0	0	1	1	0	0	0	0	1	0	1	0	0	1	1	1	1	2	3	0	2	0	1	0	2	1	0	0	0	3	1	0	0	1	0	0	0	0	0	0	0	0	1
TCGA-D9-A1JW-06A-11D-A19A-08	1	1	0	2	1	4	1	1	2	0	0	0	3	4	3	1	2	0	1	0	2	0	0	1	0	0	0	0	1	2	2	3	5	27	2	3	55	106	21	71	2	32	4	9	74	272	81	60	3	2	5	5	0	1	0	3	1	2	2	1	1	3	1	5	2	0	3	6	3	2	2	2	0	1	5	18	4	1	2	4	0	3	1	0	0	2	3	1	0	2	5	5	0	0	2	1
TCGA-D9-A1JX-06A-11D-A19A-08	0	1	3	0	0	1	2	0	0	0	0	0	0	0	1	0	0	0	0	0	1	0	0	1	0	1	1	0	3	0	1	0	1	5	2	1	13	15	3	10	0	5	1	2	18	39	21	15	0	0	1	2	1	0	0	1	1	1	0	0	1	0	0	1	0	1	1	0	2	1	2	0	1	0	0	7	0	0	2	1	0	0	1	0	0	0	2	0	0	1	1	0	0	0	0	1
TCGA-D9-A1X3-01A-11D-A197-08	0	0	0	0	4	1	3	0	0	1	0	0	0	1	0	0	1	0	0	0	1	0	0	0	0	0	0	0	1	0	0	0	0	0	3	0	6	4	2	1	0	0	1	1	0	3	0	2	0	0	0	0	0	0	0	0	0	0	0	0	0	0	0	0	1	0	0	1	0	0	1	0	0	0	1	0	0	0	0	0	0	0	0	1	0	0	1	0	1	0	0	0	0	0	0	0
TCGA-DA-A1HV-06A-21D-A196-08	0	3	0	0	2	1	2	3	0	1	0	0	3	7	0	1	0	3	0	2	1	0	2	2	0	2	0	0	4	2	0	3	3	32	4	16	106	141	28	104	2	29	1	26	198	395	139	120	1	1	4	5	1	6	2	4	1	0	0	0	0	3	1	9	0	0	1	2	1	1	4	5	3	1	1	7	4	2	4	5	1	0	3	0	0	2	2	6	1	0	3	4	4	2	3	0
TCGA-DA-A1HW-06A-11D-A19A-08	0	1	0	0	2	1	0	1	0	0	0	0	0	2	0	0	0	0	0	1	1	1	0	0	0	0	1	0	1	0	0	1	0	9	1	3	26	30	10	32	0	11	1	6	39	74	33	29	0	0	0	0	0	0	0	2	0	0	1	0	0	0	1	1	0	0	1	2	0	1	1	1	1	1	0	3	4	1	1	0	0	1	0	0	0	1	2	2	0	0	1	0	0	0	0	0
TCGA-DA-A1HY-06A-11D-A19A-08	1	0	1	0	1	1	0	1	0	0	0	0	2	1	1	2	0	2	1	0	1	0	4	1	1	0	0	0	0	2	2	2	0	27	0	3	64	91	14	54	2	30	2	12	58	215	61	53	1	1	0	3	0	0	2	1	0	0	0	0	0	2	1	0	0	2	2	2	1	1	1	8	1	0	0	8	6	3	1	0	0	1	2	0	0	3	1	1	0	0	0	0	1	2	2	1
TCGA-DA-A1I0-06A-11D-A20D-08	0	0	0	1	2	0	2	1	0	1	0	0	1	4	0	1	0	0	1	0	0	1	1	0	1	0	1	0	0	0	0	0	2	17	1	3	41	63	19	45	1	15	0	16	49	125	47	36	3	2	3	3	0	1	1	0	0	0	0	1	0	1	2	2	2	0	0	1	0	2	2	1	0	0	0	8	1	1	2	1	0	0	1	1	1	2	1	1	0	0	0	2	0	0	1	0
TCGA-DA-A1I1-06A-12D-A196-08	1	0	0	2	2	0	5	0	1	0	0	1	0	0	1	1	0	0	0	1	3	3	5	0	0	1	0	1	0	1	1	0	3	10	4	5	30	30	11	32	0	9	1	6	45	99	43	34	0	0	2	2	0	0	0	0	1	0	0	0	0	0	1	1	1	1	1	1	2	4	0	2	0	1	0	2	1	2	1	3	0	0	1	0	0	0	0	0	0	0	4	0	0	0	0	0
TCGA-DA-A1I2-06A-21D-A19A-08	0	0	0	1	2	0	0	0	0	0	0	0	0	1	0	1	1	0	0	0	0	0	1	0	0	0	0	0	0	0	0	2	0	4	2	0	13	11	4	7	0	5	0	1	8	24	8	14	0	0	0	0	0	1	0	0	0	0	0	0	0	0	1	1	1	1	2	1	0	1	1	0	0	2	0	2	0	0	0	1	0	1	0	0	0	1	0	1	0	0	0	1	0	0	0	0
TCGA-DA-A1I4-06A-11D-A196-08	1	0	0	0	1	1	0	0	0	2	0	0	0	0	0	2	0	0	0	0	1	0	0	0	0	0	0	0	0	0	0	3	1	7	1	2	26	20	5	14	0	8	3	4	27	67	27	11	0	1	0	0	0	1	1	1	0	0	1	0	3	0	0	0	0	0	0	1	1	1	0	0	0	1	1	1	1	1	0	2	0	0	0	0	0	0	1	1	0	0	1	0	0	0	0	0
TCGA-DA-A1I5-06A-11D-A197-08	0	0	0	0	4	0	2	3	1	0	0	0	2	4	1	0	0	0	0	0	1	1	3	0	0	1	0	0	0	0	0	1	1	9	0	2	38	45	10	21	0	8	1	5	48	137	43	43	0	0	0	2	2	0	0	2	0	0	1	0	0	0	1	4	1	1	3	1	1	1	0	4	1	1	2	7	1	3	0	2	2	0	1	1	0	0	2	0	0	1	6	0	0	0	1	0
TCGA-DA-A1I7-06A-22D-A197-08	0	2	0	0	5	3	3	2	0	0	0	0	0	0	0	2	1	1	0	0	3	1	3	0	0	1	0	2	1	2	0	3	0	14	3	1	42	38	5	28	1	9	3	12	42	112	60	44	0	1	1	0	0	2	0	0	0	1	1	0	2	1	1	2	0	0	2	1	0	2	1	4	0	0	0	2	1	0	2	1	0	0	0	0	0	0	1	1	0	0	1	2	0	0	1	0
TCGA-DA-A1I8-06A-11D-A197-08	1	0	0	1	0	0	1	0	1	0	1	0	0	1	0	1	0	0	2	0	0	0	0	0	0	0	1	0	1	1	0	2	2	3	1	1	13	19	8	22	1	6	2	2	19	36	9	17	1	0	0	0	0	0	0	0	0	0	0	0	0	1	0	1	4	0	0	1	2	1	2	2	1	0	0	4	2	0	1	2	2	1	0	0	0	1	1	0	1	0	0	0	0	0	0	0
TCGA-DA-A1IA-06A-11D-A196-08	0	0	0	0	3	0	2	1	0	0	0	0	1	3	1	1	0	0	0	0	1	1	0	0	0	0	1	0	0	1	1	3	0	7	2	2	25	29	12	19	0	10	1	8	30	70	17	39	0	2	1	1	1	1	0	0	0	0	0	0	0	1	0	2	0	2	2	1	1	1	0	1	0	0	2	3	1	2	1	1	0	2	1	0	0	0	1	0	0	0	0	1	0	3	0	1
TCGA-DA-A1IB-06A-11D-A196-08	0	1	0	0	2	0	4	1	0	0	0	0	0	0	0	1	0	0	2	0	3	4	8	0	0	1	0	0	0	1	1	2	0	0	0	1	1	0	0	0	0	0	0	0	0	1	0	0	0	0	0	0	0	0	0	0	0	0	0	0	0	0	0	0	0	0	1	0	0	0	0	2	0	0	2	1	0	0	0	0	0	2	1	0	0	0	0	1	0	0	0	0	0	0	0	0
TCGA-DA-A1IC-06A-11D-A197-08	0	0	1	0	9	2	2	3	0	1	0	0	5	2	1	3	0	0	2	1	1	0	1	1	0	2	1	1	2	3	0	1	4	30	4	6	82	87	33	74	2	32	4	16	83	238	90	77	1	3	0	4	0	2	0	0	1	0	1	1	1	7	0	6	0	3	2	4	0	1	3	5	2	2	4	20	5	3	4	4	0	1	1	1	0	0	1	2	0	0	1	1	0	1	1	1
TCGA-DA-A3F3-06A-11D-A20D-08	0	0	0	0	2	1	0	0	0	0	0	1	1	1	0	1	2	0	0	1	4	2	0	0	0	0	0	0	0	1	0	0	1	10	4	2	19	19	6	22	1	10	2	5	31	78	36	30	0	1	1	0	1	0	0	1	0	2	0	2	1	0	2	1	1	0	0	0	1	0	1	2	1	1	0	1	0	0	3	0	2	0	1	0	0	0	0	0	0	1	2	1	0	0	0	1
TCGA-DA-A3F5-06A-11D-A20D-08	0	0	0	1	2	1	2	3	0	1	1	0	1	1	0	2	2	0	0	1	0	1	1	0	1	0	1	0	0	2	0	2	2	7	6	3	26	31	11	30	1	11	3	6	24	68	25	29	1	0	0	1	2	1	1	1	0	0	0	0	1	0	0	1	3	1	1	1	0	1	2	1	3	1	0	5	1	2	1	2	1	1	1	1	2	1	0	0	0	0	0	0	0	1	1	0
TCGA-DA-A3F8-06A-11D-A20D-08	2	0	1	1	3	3	1	0	1	0	1	0	0	1	0	2	1	1	1	0	1	0	1	0	0	0	0	0	0	1	1	0	2	30	1	11	83	124	25	100	3	28	3	16	147	383	117	118	0	2	3	3	1	0	0	2	0	0	0	1	1	0	0	0	1	0	2	0	1	1	3	3	0	0	1	18	3	1	6	2	2	0	2	0	0	0	1	0	0	0	6	1	0	0	0	1
TCGA-EB-A1NK-01A-11D-A196-08	0	0	0	0	1	0	2	1	0	0	0	0	0	0	0	1	0	1	0	1	0	0	1	0	0	0	0	0	1	0	1	0	1	2	0	0	15	14	4	8	0	4	3	3	12	31	13	13	1	0	0	0	0	1	0	0	0	0	0	0	0	0	0	1	0	0	0	1	0	0	0	2	1	1	0	1	0	0	0	0	0	0	0	0	1	0	0	2	0	0	2	1	1	0	0	0
TCGA-EB-A24C-01A-11D-A197-08	1	0	0	0	3	0	4	0	0	0	0	1	0	0	0	0	0	0	0	0	1	1	0	0	0	0	0	1	0	0	0	0	0	1	1	0	0	1	2	0	1	1	1	0	1	1	2	1	0	0	0	0	1	0	0	0	0	0	0	0	0	0	0	0	0	0	0	1	0	0	0	0	2	0	0	0	0	0	0	1	0	0	0	0	0	0	0	1	0	0	0	0	0	1	1	0
TCGA-EB-A24D-01A-11D-A197-08	2	0	0	1	6	2	2	1	0	0	0	2	1	1	1	1	0	0	0	2	1	0	0	0	1	1	0	2	2	2	2	0	1	19	0	3	44	50	21	42	0	10	1	7	50	137	47	53	1	1	3	1	1	1	1	1	1	0	1	0	1	0	1	1	1	1	2	1	3	0	2	10	1	1	3	7	1	6	0	1	0	2	2	1	2	0	0	1	0	1	0	2	0	0	0	2
TCGA-EB-A299-01A-21D-A197-08	1	0	0	0	1	0	1	1	0	0	0	0	0	3	0	0	0	0	0	0	3	1	1	0	0	0	0	0	0	0	0	1	0	8	1	0	9	22	2	14	0	2	0	0	19	43	14	9	0	0	0	0	0	1	0	0	0	0	0	1	0	0	0	0	1	0	0	1	0	1	0	0	1	0	0	0	1	1	1	0	0	0	1	1	0	0	1	1	0	0	2	1	0	1	0	0
TCGA-EB-A3HV-01A-11D-A21A-08	1	0	0	0	2	0	1	1	0	0	0	0	0	0	0	2	1	0	0	0	0	0	0	0	0	0	0	1	0	2	0	0	2	0	0	0	4	5	1	4	0	0	4	3	7	7	3	3	1	0	0	0	0	0	0	0	0	0	0	0	0	0	0	0	0	1	0	0	0	1	2	2	0	0	0	0	0	0	1	0	0	0	0	0	0	0	0	0	0	1	0	0	0	0	0	0
TCGA-EE-A17X-06A-11D-A197-08	0	0	0	0	10	5	2	5	0	1	0	3	1	3	0	1	0	0	0	0	1	0	0	1	0	1	1	0	0	3	0	1	1	24	2	4	53	90	23	58	0	15	1	14	106	211	80	69	0	2	1	7	3	1	2	1	0	2	0	1	0	1	1	1	0	1	0	4	0	3	3	1	1	1	0	10	1	2	0	1	1	0	0	0	0	0	0	2	1	1	0	4	2	0	1	3
TCGA-EE-A17Y-06A-11D-A196-08	0	0	0	0	0	0	1	1	1	0	0	0	0	2	0	1	0	0	0	0	0	0	0	1	0	0	0	0	0	1	0	2	0	3	3	1	17	19	6	7	0	7	2	3	20	41	8	17	0	0	3	0	0	0	0	1	0	0	0	0	0	0	0	0	0	1	0	0	1	2	1	1	0	1	0	3	0	0	2	1	1	0	0	0	0	0	1	1	0	0	0	0	0	0	1	1
TCGA-EE-A17Z-06A-11D-A196-08	0	2	0	0	4	0	2	0	0	0	0	0	0	0	0	0	0	0	1	0	2	4	1	1	0	0	0	1	0	1	1	0	0	0	0	0	0	0	2	2	1	0	1	0	0	0	0	0	0	1	0	0	0	1	0	0	0	0	0	0	0	0	1	0	0	1	1	0	0	0	2	0	0	0	0	0	0	0	0	0	0	0	0	0	0	0	0	0	0	0	0	0	0	1	0	0
TCGA-EE-A180-06A-11D-A21A-08	1	1	0	0	4	1	0	3	1	1	0	0	1	1	0	1	0	2	1	0	2	0	0	0	1	0	1	0	0	0	0	1	1	13	4	4	35	63	12	49	5	16	6	7	51	129	62	34	0	2	0	6	0	0	2	1	0	0	0	0	0	0	2	5	2	1	1	3	1	1	2	2	1	3	0	4	2	3	1	2	1	1	2	0	0	1	2	1	0	0	1	0	0	0	1	1
TCGA-EE-A181-06A-11D-A196-08	2	4	0	3	11	4	9	8	3	1	0	1	5	10	1	4	3	0	0	1	4	9	11	2	0	4	2	3	5	6	4	7	0	56	5	24	209	328	46	278	1	87	5	63	299	823	277	279	4	3	3	10	3	4	6	10	0	4	3	3	1	4	4	17	7	4	8	4	1	5	5	21	3	7	7	56	8	10	5	11	2	1	6	2	1	7	18	7	1	0	14	4	6	2	6	10
TCGA-EE-A182-06A-11D-A196-08	0	0	0	1	5	3	4	4	0	1	0	0	4	6	1	6	0	0	1	1	0	0	3	0	2	1	1	0	0	1	1	2	4	34	4	17	97	145	16	122	3	34	9	28	196	417	161	139	2	2	2	6	0	5	2	0	2	0	0	2	2	4	1	14	3	0	3	5	5	3	4	10	3	3	3	24	5	5	3	6	0	0	0	2	0	2	0	0	1	1	1	2	2	1	1	2
TCGA-EE-A183-06A-11D-A196-08	0	0	0	0	9	2	9	1	0	1	0	0	1	3	1	1	1	0	0	0	2	3	5	0	1	0	0	0	0	0	3	0	2	30	1	6	44	78	15	61	2	21	0	15	81	222	88	58	2	2	1	1	0	1	2	2	1	0	1	0	0	2	1	5	0	0	2	2	1	1	1	4	2	2	0	9	2	2	1	0	1	0	0	0	0	1	2	1	0	1	2	2	0	4	0	2
TCGA-EE-A184-06A-11D-A196-08	0	0	1	3	119	17	27	77	3	0	0	6	7	10	4	10	0	0	0	0	0	1	0	1	0	0	0	0	1	0	0	1	1	1	4	1	3	2	1	7	2	3	1	3	4	11	6	4	0	0	0	0	0	0	0	0	0	0	0	0	1	0	0	0	0	0	0	0	0	0	0	0	0	0	0	3	1	1	0	1	0	0	4	0	0	0	1	4	0	0	2	0	0	1	0	0
TCGA-EE-A185-06A-11D-A196-08	0	0	0	1	1	1	0	0	0	0	0	0	1	2	1	1	0	0	0	0	2	0	0	0	0	1	0	0	1	1	0	1	1	5	1	0	20	19	4	16	1	3	0	4	23	46	14	11	2	0	0	1	0	1	0	0	1	0	0	0	0	0	0	1	0	1	0	0	0	0	2	2	1	2	0	1	0	0	1	0	0	0	0	0	0	0	0	0	1	0	0	0	0	0	0	0
TCGA-EE-A20B-06A-11D-A196-08	0	1	0	1	1	0	0	2	1	0	0	1	0	3	0	0	1	0	0	0	0	1	1	0	0	1	0	0	0	0	0	0	1	2	0	1	9	22	3	12	2	2	2	3	18	47	13	8	0	1	0	0	0	0	0	0	0	0	1	0	0	0	0	0	1	0	4	2	0	0	0	2	1	1	0	5	1	1	1	0	0	0	0	1	0	0	0	0	0	0	3	0	0	1	1	1
TCGA-EE-A20C-06A-11D-A196-08	2	1	2	1	8	5	3	4	1	1	0	1	7	15	2	8	2	0	2	2	4	1	2	5	2	0	0	1	5	3	3	3	7	37	0	24	143	226	49	147	1	36	5	31	192	498	159	180	0	5	5	11	2	1	4	11	3	1	2	7	7	7	1	27	2	2	3	4	3	3	3	16	4	3	1	53	5	12	8	13	1	1	5	3	0	2	3	6	1	6	3	6	3	6	1	4
TCGA-EE-A20F-06A-21D-A196-08	1	3	0	0	3	2	2	2	3	1	0	0	3	0	3	1	0	0	0	2	2	4	3	2	1	0	0	1	2	2	1	0	0	7	0	5	32	52	8	47	3	13	2	11	56	127	52	47	2	0	0	1	0	1	1	1	1	1	1	0	0	1	2	5	1	0	1	0	1	0	1	1	1	2	0	2	3	0	2	1	0	1	0	0	0	0	2	1	0	0	2	1	1	0	1	1
TCGA-EE-A20H-06A-11D-A197-08	3	0	2	1	1	1	2	1	0	0	1	2	1	5	2	3	0	0	0	2	0	0	2	1	0	1	1	0	0	1	0	0	4	24	3	4	45	54	10	45	3	9	3	11	54	155	49	48	1	0	1	4	0	1	0	1	0	0	0	2	3	2	1	9	0	1	2	2	2	3	3	5	0	0	1	23	1	3	1	0	0	0	3	0	0	0	5	3	0	0	5	0	1	3	1	1
TCGA-EE-A20I-06A-11D-A196-08	0	0	0	0	0	3	0	1	0	0	0	0	1	0	0	1	2	0	0	0	0	0	0	0	0	0	0	0	1	0	0	1	0	0	2	0	0	1	1	2	0	0	1	0	1	0	1	2	0	0	0	0	0	0	3	0	0	0	0	0	0	0	0	0	0	0	0	0	0	1	1	1	0	1	0	1	0	0	0	0	0	0	0	0	0	1	0	0	0	0	0	0	0	0	0	0
TCGA-EE-A29A-06A-12D-A196-08	0	1	0	0	2	2	0	0	0	0	0	0	0	0	0	1	1	0	0	1	1	0	0	0	0	0	0	0	0	0	0	4	0	6	2	0	16	22	5	29	4	6	0	2	23	65	13	30	0	2	0	1	0	0	0	0	1	0	0	0	1	0	0	1	0	1	0	1	0	1	2	2	1	0	0	0	0	0	1	1	0	1	1	1	0	0	0	1	0	0	0	0	0	0	0	0
TCGA-EE-A29B-06A-11D-A197-08	1	0	0	0	2	0	1	0	0	0	0	0	1	3	0	0	0	0	0	0	0	0	1	1	0	0	0	1	1	2	0	0	1	21	0	2	27	59	15	37	4	14	2	7	72	161	41	53	5	1	1	4	0	0	0	2	0	2	0	0	1	0	0	4	1	0	0	4	3	1	5	5	1	1	1	4	2	4	1	1	0	0	0	1	1	0	1	0	0	0	6	0	0	1	0	3
TCGA-EE-A29C-06A-21D-A197-08	0	0	0	1	0	0	0	0	1	0	0	0	1	1	0	0	1	2	0	0	0	0	0	0	0	0	0	1	0	2	0	1	0	9	3	5	37	45	9	37	1	12	3	7	35	98	48	36	0	1	1	4	0	1	2	1	0	0	1	1	0	0	1	3	0	0	0	0	1	1	1	1	0	3	1	4	0	2	1	1	0	0	1	1	0	1	1	0	0	0	0	0	0	0	0	0
TCGA-EE-A29D-06A-11D-A197-08	4	3	0	3	11	5	4	5	2	3	2	1	9	9	2	4	1	3	1	3	2	0	4	2	2	2	2	1	3	10	1	2	5	92	8	40	296	470	83	324	7	81	5	61	402	1157	380	357	3	5	4	12	2	4	4	5	4	0	5	4	5	0	0	10	2	4	9	6	7	4	9	17	4	4	6	49	13	7	11	8	0	1	8	1	1	1	7	2	1	0	10	2	0	1	5	5
TCGA-EE-A29E-06A-11D-A197-08	2	1	0	1	12	4	5	14	0	2	1	0	5	9	0	8	1	1	0	4	2	3	4	1	1	1	1	2	2	5	0	6	3	97	2	25	250	385	78	337	3	56	1	71	526	1020	367	323	1	3	2	13	0	15	1	10	7	2	2	4	5	17	3	35	1	1	3	2	5	3	4	12	3	1	6	19	1	7	4	4	0	2	4	0	0	4	3	7	0	0	0	1	2	6	1	5
TCGA-EE-A29G-06A-12D-A196-08	2	0	0	0	2	1	1	0	0	0	0	0	0	1	0	0	1	0	1	1	5	3	1	0	0	0	0	0	0	3	1	0	3	9	0	4	29	39	10	28	1	15	0	8	39	112	33	27	0	0	0	3	0	1	0	2	2	0	1	1	1	0	1	0	0	1	3	1	2	1	3	4	1	1	1	10	0	3	1	5	1	0	1	0	0	0	2	2	0	0	4	0	0	0	0	0
TCGA-EE-A29H-06A-12D-A197-08	0	1	0	1	7	0	0	1	0	0	0	0	0	1	0	1	0	1	0	1	1	1	0	1	1	0	0	0	0	1	0	1	1	4	1	2	24	21	6	19	1	6	1	3	34	99	33	36	0	0	0	2	0	0	1	0	0	0	0	0	0	0	4	2	1	0	0	0	0	1	1	4	0	2	1	8	1	1	3	0	0	0	0	0	0	0	0	1	0	0	0	0	0	0	0	0
TCGA-EE-A29L-06A-12D-A196-08	1	0	0	1	9	3	4	6	1	0	0	0	3	8	1	1	1	0	1	0	2	2	3	1	0	2	0	0	1	1	3	2	3	63	1	13	157	224	50	174	2	62	4	37	269	534	199	142	2	3	1	8	0	5	3	3	1	1	1	2	0	5	3	14	1	1	3	7	4	3	4	13	2	0	2	6	5	7	4	1	1	3	1	1	0	4	6	10	0	1	5	5	0	3	3	7
TCGA-EE-A29M-06A-11D-A196-08	3	2	0	0	3	1	2	4	1	0	0	0	3	5	1	6	0	1	0	1	3	1	4	2	1	1	2	1	0	3	1	4	2	84	0	20	182	216	52	218	4	58	0	32	284	740	212	226	4	2	5	8	3	3	2	2	0	2	0	2	2	4	1	11	2	0	3	3	2	3	3	10	1	1	1	18	6	2	6	4	2	1	3	2	0	3	2	3	0	1	2	3	2	0	1	3
TCGA-EE-A29N-06A-12D-A197-08	0	1	1	0	1	0	0	0	0	2	0	0	0	1	0	1	1	2	0	2	1	2	2	0	0	1	1	0	3	2	0	2	1	13	3	6	47	66	19	55	3	15	0	9	46	146	56	53	1	3	0	1	1	0	1	2	1	0	0	1	1	5	2	3	3	1	1	3	0	1	0	2	0	1	2	8	1	3	4	4	1	1	1	2	0	1	0	2	0	1	0	0	0	1	0	2
TCGA-EE-A29P-06A-11D-A197-08	0	1	0	1	0	1	1	0	0	1	0	0	0	0	0	0	1	0	0	0	2	3	0	0	0	0	1	0	1	0	0	1	0	7	2	2	30	28	8	19	0	10	3	6	28	91	19	25	0	0	0	0	0	0	0	1	1	0	2	1	1	0	0	0	1	0	1	1	0	1	1	5	0	1	0	4	0	4	0	2	0	0	1	1	2	0	0	1	0	0	0	0	0	0	1	0
TCGA-EE-A29Q-06A-11D-A197-08	2	0	0	0	1	3	2	2	1	0	0	0	1	1	1	0	0	0	0	1	0	0	0	0	0	1	0	0	1	1	0	1	0	11	0	0	22	32	6	21	1	9	1	11	28	65	34	28	1	1	0	2	1	0	1	0	0	0	1	0	0	0	0	2	1	2	1	0	1	3	1	3	1	1	0	3	2	3	0	6	0	0	1	0	0	0	2	0	0	0	1	0	0	0	0	0
TCGA-EE-A29R-06A-11D-A197-08	0	0	0	2	1	2	1	1	1	0	0	0	1	6	0	3	0	0	0	0	1	0	0	0	0	0	0	1	1	3	1	0	2	17	0	6	66	71	21	61	0	13	4	15	76	191	65	57	1	1	1	3	0	1	1	0	2	0	1	2	3	0	1	3	1	0	1	2	1	2	1	6	0	2	1	9	4	2	3	0	0	0	1	0	0	0	2	1	1	0	6	0	0	0	1	1
TCGA-EE-A29S-06A-11D-A197-08	1	2	0	0	4	2	0	1	0	2	0	0	0	3	0	0	2	0	1	0	0	0	3	1	1	1	1	1	2	2	0	2	1	27	2	11	77	113	23	95	2	23	0	21	116	297	107	73	2	0	3	1	2	4	3	1	1	0	2	0	0	2	2	3	4	3	4	4	5	5	3	6	3	2	1	22	2	0	4	2	0	1	3	2	0	2	1	3	0	0	4	0	0	1	3	2
TCGA-EE-A29T-06A-11D-A197-08	2	3	0	1	10	1	0	2	2	1	0	1	3	0	0	1	0	1	3	0	0	0	1	2	0	0	0	0	1	1	0	0	0	4	5	2	22	29	3	17	1	6	5	7	41	87	40	19	0	1	1	2	0	1	3	0	0	1	1	0	0	2	1	1	2	1	2	2	0	0	4	1	1	2	1	3	0	0	2	0	0	0	2	0	0	0	0	0	0	0	1	0	0	1	0	0
TCGA-EE-A29V-06A-12D-A197-08	3	1	0	1	2	0	1	3	2	1	0	0	2	5	0	0	1	0	1	1	3	0	2	1	0	1	0	1	1	1	3	2	1	32	5	15	92	121	34	78	1	32	5	23	79	251	73	86	2	1	0	6	2	0	1	4	1	0	2	1	0	2	1	1	0	1	2	2	2	1	4	7	1	2	3	14	5	4	2	5	0	1	2	0	0	1	0	1	0	1	4	2	2	2	3	3
TCGA-EE-A29W-06A-11D-A196-08	0	0	0	0	2	0	1	0	0	0	0	0	0	1	1	1	0	0	0	0	1	1	0	1	0	0	0	0	1	0	1	0	1	2	0	0	9	9	2	7	0	1	0	0	8	12	6	6	0	0	0	0	0	0	1	1	0	0	0	0	0	0	0	1	0	0	0	0	0	0	1	0	0	0	1	1	0	0	1	0	0	0	1	0	0	0	0	1	0	0	0	0	0	0	0	0
TCGA-EE-A29X-06A-11D-A196-08	0	0	0	0	0	0	1	0	0	0	0	0	0	0	0	0	0	1	0	0	0	4	2	0	0	0	0	0	0	0	0	0	0	5	0	1	7	14	2	10	0	5	2	2	16	47	12	15	1	0	0	1	0	0	1	0	0	0	0	0	0	0	1	0	0	0	0	2	0	0	1	1	0	0	0	2	0	0	1	1	0	0	1	0	0	0	0	2	0	0	0	0	0	0	0	1
TCGA-EE-A2A0-06A-11D-A196-08	0	0	0	0	0	1	0	1	1	0	0	0	2	2	0	0	2	0	0	0	1	0	1	0	0	0	0	1	0	0	0	1	1	9	2	5	26	35	8	21	0	15	2	9	42	128	30	30	0	2	1	0	1	0	1	2	0	0	0	0	0	1	1	0	1	0	1	6	1	2	0	0	0	2	1	4	1	2	1	1	1	0	0	0	0	1	3	1	0	0	1	0	1	2	0	2
TCGA-EE-A2A1-06A-11D-A197-08	0	1	0	0	0	0	0	0	0	1	0	1	1	4	0	0	0	1	0	0	2	0	0	1	1	0	0	0	1	1	0	0	0	10	1	6	33	33	11	33	0	8	2	8	37	103	39	39	0	0	0	1	0	0	0	1	0	0	0	0	0	0	0	1	1	1	1	1	1	4	1	0	1	0	2	4	2	2	0	3	0	0	0	1	0	0	0	0	0	0	1	1	1	0	0	1
TCGA-EE-A2A2-06A-11D-A196-08	1	2	1	0	12	8	26	5	3	1	0	2	4	5	3	6	4	1	3	2	10	6	7	3	1	2	2	1	4	4	4	1	4	32	4	23	111	159	49	113	4	31	2	19	134	392	97	109	3	1	2	9	3	4	1	2	0	1	2	1	3	5	5	18	2	4	4	3	5	10	14	13	1	1	0	21	7	4	4	11	0	1	1	1	0	1	3	10	0	2	7	1	5	7	6	0
TCGA-EE-A2A5-06A-11D-A197-08	1	1	0	0	0	0	1	0	0	0	0	0	1	2	1	0	0	0	0	0	1	0	0	0	0	0	0	0	0	1	0	0	0	4	2	3	40	41	6	30	2	7	0	6	37	70	25	20	0	1	0	0	0	2	0	1	0	0	0	0	0	0	0	5	0	0	0	2	0	1	2	2	1	1	0	6	3	0	2	0	0	0	0	0	0	0	0	0	0	0	2	0	0	0	0	2
TCGA-EE-A2A6-06A-11D-A197-08	0	0	0	0	3	0	1	0	0	0	0	0	1	1	0	0	0	1	0	0	0	0	0	0	0	0	0	0	0	1	0	1	1	8	2	2	28	32	4	23	0	7	3	5	40	64	41	25	0	2	0	2	0	0	0	0	1	1	0	0	0	1	1	1	0	0	0	0	0	2	2	4	0	0	0	5	0	2	1	2	0	0	0	0	0	0	0	0	0	0	2	0	1	1	0	0
TCGA-EE-A2GB-06A-11D-A197-08	0	0	0	0	3	2	3	2	0	0	0	0	2	2	0	1	0	0	1	1	0	1	1	2	0	2	1	0	0	1	0	0	1	17	1	6	48	87	9	37	1	13	0	13	70	184	60	58	1	0	1	2	0	1	0	2	2	0	1	0	0	0	0	4	1	2	4	1	1	1	2	2	0	1	1	9	5	5	2	0	0	0	1	0	0	0	0	3	1	0	1	2	0	0	1	1
TCGA-EE-A2GC-06A-11D-A197-08	2	1	2	3	7	2	3	5	2	0	0	1	5	8	0	9	2	1	2	0	0	2	2	1	0	6	0	1	0	6	1	2	4	58	2	13	200	266	55	196	2	58	3	38	271	635	224	199	3	2	0	9	0	2	2	6	0	0	3	1	5	5	3	6	3	3	1	4	3	1	3	12	0	1	4	34	3	5	0	11	1	1	3	1	0	1	4	2	0	3	4	5	2	2	8	4
TCGA-EE-A2GD-06A-11D-A196-08	1	1	0	1	3	1	0	0	2	1	0	1	1	4	2	1	0	0	0	0	0	0	1	1	0	0	0	1	2	2	0	0	1	19	2	7	33	54	10	40	2	14	2	5	71	172	54	38	2	2	0	3	0	2	1	1	0	0	0	1	1	0	0	3	0	0	2	3	0	1	3	5	1	0	0	11	1	1	1	2	0	1	1	0	0	2	1	0	0	0	5	0	0	1	0	2
TCGA-EE-A2GE-06A-11D-A196-08	0	1	0	0	2	0	2	1	0	0	0	0	2	0	1	0	0	0	0	1	1	1	2	1	0	0	0	2	1	0	2	1	0	6	1	3	20	23	2	19	2	8	1	3	24	57	19	25	0	1	0	0	0	0	0	0	0	0	0	0	0	0	1	1	0	0	1	0	0	0	0	3	1	0	1	4	1	1	0	1	0	0	1	0	0	0	0	0	0	0	0	0	0	1	1	0
TCGA-EE-A2GH-06A-11D-A196-08	0	0	0	1	4	1	9	0	0	1	0	0	0	1	0	1	2	0	0	0	3	0	2	2	0	0	0	0	2	0	0	1	1	6	0	1	25	30	9	19	0	9	2	9	39	80	28	26	0	1	0	0	0	0	1	0	0	0	1	1	1	1	1	0	1	1	1	0	0	1	1	2	1	0	0	3	2	0	0	0	0	1	0	1	0	0	0	0	0	0	1	1	0	0	0	1
TCGA-EE-A2GI-06A-11D-A196-08	3	1	0	4	3	4	6	5	1	0	0	0	2	6	1	3	0	0	2	0	1	2	2	3	0	0	1	0	1	2	0	0	2	30	1	17	137	175	50	149	2	45	4	31	178	433	138	127	1	2	1	2	0	5	4	2	2	0	1	2	2	3	0	8	0	3	4	2	3	4	3	10	4	3	1	28	9	5	3	4	2	1	2	1	0	0	2	1	1	1	1	3	3	1	1	3
TCGA-EE-A2GJ-06A-11D-A196-08	2	0	0	0	1	0	1	4	0	0	0	0	2	3	1	1	1	2	0	3	1	1	2	1	0	1	1	0	1	2	0	3	1	23	0	15	82	102	25	107	3	41	1	21	128	330	110	92	2	2	2	6	1	1	0	0	0	2	0	0	3	1	3	5	2	2	1	3	3	2	2	6	0	3	1	20	3	5	7	2	0	1	5	2	1	2	11	5	0	1	12	5	3	4	5	3
TCGA-EE-A2GK-06A-11D-A196-08	0	0	0	0	0	0	2	0	0	0	0	0	0	0	0	0	0	0	0	0	0	0	2	0	0	0	0	0	0	0	0	0	0	0	0	0	0	0	0	0	0	0	0	0	0	0	0	0	0	0	0	0	0	0	0	0	0	0	0	0	0	0	0	0	0	0	1	0	1	0	0	0	0	0	0	0	0	0	0	0	0	0	0	0	0	0	0	0	0	0	0	0	0	0	0	0
TCGA-EE-A2GL-06A-11D-A196-08	1	1	2	1	1	0	1	0	2	0	0	0	0	1	0	1	1	0	0	0	0	0	3	1	0	1	0	0	3	2	0	0	0	7	1	4	26	46	8	27	0	11	0	6	23	92	40	27	0	0	0	2	0	0	2	0	0	1	0	0	0	0	1	0	0	0	2	0	1	2	2	4	0	0	1	6	2	0	0	2	1	0	0	0	0	0	1	4	1	0	3	0	0	2	1	0
TCGA-EE-A2GM-06B-11D-A196-08	2	2	0	0	1	0	0	1	1	0	0	0	4	6	1	3	0	0	0	0	0	2	0	0	0	0	0	0	0	1	0	1	1	26	3	6	52	77	18	58	2	17	1	14	75	182	61	70	2	3	2	0	2	0	1	2	1	0	2	1	0	0	0	1	0	0	1	2	1	0	0	1	1	0	2	6	1	2	1	2	1	0	0	0	1	1	1	2	0	0	2	1	0	2	1	0
TCGA-EE-A2GN-06A-11D-A196-08	0	1	1	0	3	3	3	2	2	0	0	1	1	2	0	1	2	1	1	1	3	5	4	0	0	1	0	0	1	1	0	2	2	11	0	4	37	37	6	26	2	12	1	12	43	97	29	40	1	1	0	2	0	1	0	1	0	0	0	1	0	0	0	0	1	0	0	2	0	1	2	2	0	0	0	1	0	1	0	1	0	0	1	0	0	1	0	1	0	0	0	1	1	3	0	0
TCGA-EE-A2GO-06A-11D-A196-08	3	1	1	0	1	2	2	6	2	3	2	0	3	11	0	2	1	1	3	1	3	0	3	2	0	2	4	1	1	4	1	3	1	54	4	21	151	264	55	153	4	55	5	36	173	547	197	158	4	2	7	14	0	9	8	8	2	0	1	3	2	5	1	14	0	5	5	4	6	1	5	22	1	3	1	22	3	13	4	9	2	2	4	1	1	2	2	5	0	0	1	4	3	4	2	4
TCGA-EE-A2GP-06A-11D-A197-08	0	1	0	0	2	0	0	2	0	0	0	2	0	6	0	1	0	1	0	0	0	0	3	0	0	0	2	0	1	0	1	1	0	19	1	6	42	66	23	52	0	18	3	10	72	182	75	37	1	0	0	1	0	2	2	0	0	0	0	1	0	3	1	3	2	1	0	0	3	2	1	2	1	2	1	5	3	0	0	2	0	0	3	0	0	2	1	1	0	0	1	2	0	0	0	0
TCGA-EE-A2GR-06A-11D-A197-08	2	3	1	3	5	0	7	4	0	1	0	0	4	7	1	6	1	1	0	1	0	1	3	3	0	0	2	3	0	2	2	2	0	38	3	7	140	194	45	144	4	39	3	27	153	406	139	152	3	0	2	7	3	1	4	2	1	0	0	2	6	2	4	6	1	2	1	4	4	1	2	8	4	1	4	16	5	6	4	2	2	3	2	3	1	2	5	6	0	1	5	2	3	4	1	3
TCGA-EE-A2GS-06A-12D-A197-08	0	0	0	0	0	1	0	2	1	0	0	0	1	2	0	0	0	0	0	1	0	0	0	1	0	0	2	0	0	0	0	0	0	14	3	3	37	35	6	28	1	5	1	8	36	89	28	17	1	0	0	1	0	1	0	0	1	0	1	1	0	0	1	1	1	0	1	1	0	0	1	2	0	0	0	7	0	1	1	0	0	0	2	0	0	1	1	0	0	0	3	2	0	1	0	0
TCGA-EE-A2GT-06A-12D-A197-08	2	0	0	0	6	0	7	1	0	0	0	0	2	0	0	1	0	0	0	0	3	6	0	3	1	0	0	0	2	0	1	2	0	9	7	4	18	24	9	25	0	6	1	10	27	112	21	23	0	0	0	0	0	1	1	0	0	0	0	1	1	0	0	0	1	1	1	1	1	1	2	3	1	1	3	3	1	2	0	0	0	0	2	0	0	0	1	0	0	0	2	1	2	0	0	2
TCGA-EE-A2GU-06A-11D-A196-08	0	3	1	1	0	0	1	0	1	2	0	1	0	2	0	0	1	2	0	0	2	1	0	0	0	0	0	1	0	2	0	1	1	11	0	6	53	72	15	30	4	12	4	13	74	202	49	45	0	0	1	4	0	0	1	1	0	1	1	0	0	3	1	1	1	0	0	1	1	1	3	4	0	2	0	11	1	1	1	0	0	0	1	1	0	1	2	3	0	0	2	0	0	1	0	0
TCGA-EE-A2M5-06A-12D-A197-08	4	1	1	3	4	1	2	9	0	1	0	0	3	7	1	4	3	0	0	1	1	3	4	1	1	3	1	1	1	4	1	4	4	48	4	15	156	240	50	182	5	43	3	23	167	476	172	206	2	2	6	16	0	4	2	10	0	1	0	2	4	5	4	24	4	2	3	4	2	5	2	13	0	1	2	39	8	6	7	11	0	0	6	1	0	5	3	11	2	4	4	2	3	5	3	10
TCGA-EE-A2M6-06A-12D-A197-08	2	2	0	0	3	0	3	0	1	0	0	1	1	3	0	3	2	0	0	1	0	0	2	1	0	0	1	0	1	1	0	1	1	20	2	3	46	57	8	41	0	12	4	13	48	160	47	46	1	0	1	1	1	0	1	1	1	1	1	0	1	0	0	0	0	0	0	1	1	2	1	6	2	1	1	9	4	2	0	2	0	0	1	1	1	0	2	2	0	1	3	2	0	1	0	2
TCGA-EE-A2M7-06A-11D-A197-08	0	0	0	0	7	2	1	2	2	0	0	0	0	0	1	1	0	0	1	0	1	2	0	1	0	0	0	0	1	0	0	1	1	2	0	1	3	5	1	2	2	3	2	0	6	7	6	2	0	0	0	1	0	0	0	0	0	0	0	0	0	0	0	1	1	1	1	0	1	3	1	0	0	0	0	0	1	0	0	0	0	0	0	0	0	0	0	0	0	0	0	0	0	3	1	0
TCGA-EE-A2M8-06A-12D-A196-08	0	0	0	0	2	1	0	0	0	0	0	0	0	1	0	0	0	0	1	0	0	1	1	1	0	0	0	0	1	0	0	1	0	1	0	1	4	10	1	5	0	4	0	4	17	29	14	8	2	0	1	1	0	0	0	0	0	0	0	0	1	0	0	0	0	1	0	0	1	0	0	0	0	0	2	3	1	0	0	0	0	0	0	0	0	0	0	0	0	0	1	0	0	0	0	0
TCGA-EE-A2MC-06A-12D-A197-08	0	1	0	0	3	1	1	0	1	0	0	1	1	2	0	0	0	0	1	0	0	2	0	1	0	0	0	1	1	2	0	3	1	21	1	11	71	71	17	56	2	14	1	13	71	210	98	54	2	1	0	4	1	0	0	1	0	0	2	2	0	0	3	5	0	3	2	6	1	1	3	7	3	2	1	11	3	1	3	2	0	2	3	2	0	0	3	1	0	1	2	3	0	1	2	5
TCGA-EE-A2MD-06A-11D-A197-08	3	0	0	0	7	1	7	4	1	0	0	0	0	1	2	6	0	1	1	0	0	2	2	1	0	0	0	0	2	2	3	4	2	40	1	9	119	165	30	145	2	47	0	28	216	469	205	148	3	2	2	9	0	1	3	4	0	0	5	6	4	3	2	6	1	0	5	1	3	4	4	7	1	1	5	20	5	7	2	4	0	1	1	2	1	0	0	0	0	0	2	0	1	2	1	1
TCGA-EE-A2ME-06A-11D-A197-08	1	0	0	0	0	0	2	0	0	0	0	0	0	1	1	0	0	0	0	0	5	4	14	2	0	0	0	0	0	0	1	0	1	2	0	0	5	5	2	3	0	3	0	2	3	17	6	6	0	0	0	0	0	0	0	0	0	0	0	0	0	0	0	0	0	0	0	0	0	0	0	0	0	0	0	0	1	0	0	0	0	1	1	0	0	0	0	0	0	0	1	0	0	0	0	0
TCGA-EE-A2MF-06A-11D-A21A-08	1	1	0	1	2	2	0	0	1	0	1	0	3	3	0	0	0	2	0	3	2	1	0	0	0	1	1	0	3	1	0	2	0	9	3	4	66	60	17	39	3	20	1	9	98	214	68	50	1	0	1	5	0	0	0	5	0	1	0	1	3	3	1	11	1	0	2	2	2	3	2	7	1	1	3	19	2	4	6	4	1	1	7	1	0	3	3	5	0	0	5	1	0	3	4	7
TCGA-EE-A2MG-06A-11D-A197-08	1	0	0	0	7	0	4	0	0	0	0	0	0	0	0	0	0	0	1	0	0	4	3	0	0	0	1	0	1	0	0	1	0	8	2	2	20	23	2	21	0	4	0	3	24	65	14	13	0	0	0	0	0	0	0	2	1	0	0	0	0	0	0	0	0	1	2	1	1	2	1	1	0	0	0	2	2	1	0	1	0	0	0	0	1	0	0	0	0	0	0	1	1	0	1	0
TCGA-EE-A2MH-06A-11D-A197-08	1	0	0	0	5	0	0	0	0	0	0	0	0	0	0	0	0	0	0	0	0	0	0	1	0	0	0	0	0	0	0	0	1	5	2	0	9	23	2	10	0	7	2	4	11	35	18	9	0	0	0	0	0	1	0	0	0	0	1	0	0	1	1	0	1	0	0	0	0	4	2	4	0	0	0	0	0	1	0	1	0	0	0	0	0	1	1	1	0	1	0	0	1	0	1	0
TCGA-EE-A2MI-06A-11D-A197-08	0	2	0	0	1	1	0	1	0	1	0	2	2	5	0	1	0	1	0	1	2	1	1	1	0	1	1	0	0	1	0	3	1	24	2	8	95	115	25	81	1	30	1	22	126	333	104	84	1	1	3	3	2	3	0	2	2	1	2	1	0	1	1	2	2	2	3	3	2	3	9	5	2	1	1	19	4	0	3	3	0	0	0	0	0	0	1	2	0	1	4	1	0	1	0	0
TCGA-EE-A2MJ-06A-11D-A197-08	1	1	0	2	2	3	0	3	0	0	0	0	1	5	1	6	2	0	1	4	2	2	5	1	0	2	0	4	1	4	0	6	0	47	1	13	169	228	53	189	1	47	0	35	255	694	231	217	2	1	2	8	0	1	0	9	0	2	2	2	4	2	2	22	2	6	2	1	2	5	2	15	3	0	2	6	10	11	7	5	0	0	3	1	0	6	2	4	1	3	8	3	1	7	10	10
TCGA-EE-A2MK-06A-11D-A196-08	0	1	0	0	4	0	6	0	0	0	0	0	0	0	1	1	0	0	1	1	0	0	3	2	0	0	0	0	2	0	0	0	1	10	1	4	26	29	2	18	0	9	1	5	40	79	29	29	1	0	1	2	1	1	0	1	0	1	1	1	0	0	0	0	0	0	1	0	0	0	0	3	0	0	1	10	0	2	1	0	0	0	0	0	0	1	0	1	0	0	1	0	0	0	1	1
TCGA-EE-A2ML-06A-11D-A197-08	1	0	0	0	0	0	1	0	0	0	0	1	1	5	0	1	0	0	0	0	0	1	0	1	0	4	0	0	2	2	2	0	1	15	0	5	61	67	19	53	0	11	2	9	55	119	50	47	1	0	1	3	0	1	1	2	0	0	1	1	0	1	2	3	0	0	1	2	2	1	1	4	0	0	0	9	1	0	0	3	0	2	1	0	0	1	1	0	1	0	1	0	0	0	1	1
TCGA-EE-A2MM-06A-11D-A196-08	0	0	0	0	2	3	6	0	1	0	0	0	0	2	3	2	0	1	0	1	1	1	1	0	0	1	0	0	0	0	0	1	0	13	3	2	50	61	11	27	1	23	3	7	58	178	57	45	3	1	1	1	0	1	0	0	0	0	0	0	0	1	0	0	1	0	0	1	0	1	0	2	0	0	1	6	2	0	2	0	0	0	1	0	0	0	0	2	0	1	2	0	1	0	1	0
TCGA-EE-A2MN-06A-11D-A197-08	0	0	0	0	1	0	2	0	0	0	0	0	0	1	0	0	2	1	0	0	1	1	2	0	0	0	0	0	0	0	0	1	0	5	2	2	10	12	0	20	2	5	1	0	21	32	14	11	0	0	1	1	0	0	0	0	0	0	0	0	0	0	1	0	0	1	1	1	0	2	1	0	1	0	0	3	0	0	0	1	1	0	1	0	0	0	0	0	0	0	0	0	0	0	0	0
TCGA-EE-A2MP-06A-11D-A197-08	0	0	0	0	2	1	0	0	1	0	0	0	0	1	0	1	0	0	0	0	1	0	1	0	0	0	0	0	0	1	2	0	3	7	0	3	15	25	9	25	0	10	1	5	25	58	31	21	4	1	0	1	0	0	0	1	0	0	0	0	0	1	0	1	3	0	2	0	1	0	1	3	1	0	0	0	4	3	2	3	0	0	0	1	1	0	0	0	0	0	1	0	0	0	0	1
TCGA-EE-A2MQ-06A-11D-A197-08	1	0	1	0	4	1	2	1	0	1	0	0	1	1	0	0	0	0	1	3	2	1	2	2	0	3	0	0	1	0	0	4	0	8	1	1	12	31	7	21	1	6	1	2	19	56	25	30	0	0	1	0	0	0	0	0	1	0	1	0	0	1	0	0	3	0	3	1	0	2	1	1	0	0	1	1	0	2	1	2	0	0	1	1	0	0	0	1	0	0	0	1	0	1	1	1
TCGA-EE-A2MR-06A-11D-A196-08	2	3	0	3	10	6	15	14	0	2	1	0	3	4	5	9	0	1	0	1	1	1	0	2	1	0	2	3	1	8	3	4	3	125	3	35	359	463	125	491	0	110	3	160	722	1326	789	431	3	4	1	9	5	11	2	9	1	3	2	3	1	9	3	26	2	2	2	5	4	8	8	20	1	1	1	18	4	7	11	12	1	4	3	2	1	7	4	5	1	1	6	5	2	5	2	12
TCGA-EE-A2MS-06A-11D-A197-08	2	3	1	0	9	4	5	5	2	0	1	3	5	11	2	5	0	0	1	0	1	0	2	1	0	0	0	0	1	0	3	4	5	73	4	16	258	377	69	292	2	73	4	49	322	758	258	275	1	2	1	9	2	1	2	3	1	2	3	2	1	5	1	8	6	0	3	3	2	4	3	9	3	1	0	15	2	2	8	5	2	0	5	5	1	2	1	3	0	0	3	3	0	2	0	3
TCGA-EE-A2MT-06A-11D-A197-08	0	1	0	0	1	1	0	1	1	1	0	1	0	2	1	1	0	2	0	1	0	2	1	1	0	0	0	0	1	3	1	1	2	29	1	6	70	98	25	64	1	19	1	11	85	238	84	76	1	2	1	4	1	1	0	3	0	2	0	1	2	2	1	5	1	0	2	1	0	4	1	3	2	1	2	10	3	2	3	6	0	1	1	1	0	2	2	1	0	2	2	0	2	3	0	3
TCGA-EE-A2MU-06A-21D-A196-08	3	2	1	0	1	0	1	2	2	0	0	0	1	2	0	1	0	0	0	0	0	1	0	0	0	0	0	0	1	1	0	2	0	17	1	2	51	78	15	55	3	16	0	15	93	174	63	52	0	1	2	0	0	2	0	0	0	1	1	1	2	1	0	1	0	1	0	0	2	3	2	4	0	0	0	7	1	2	0	2	0	1	1	0	1	1	1	17	0	1	2	0	0	0	0	5
TCGA-EE-A3AA-06A-11D-A196-08	3	1	0	0	7	0	12	5	0	1	0	0	4	3	0	5	1	0	1	1	4	13	5	1	1	3	0	1	0	1	1	0	3	64	0	16	90	187	34	160	0	47	0	38	192	492	153	214	4	2	2	6	3	4	1	1	2	0	0	0	1	3	3	8	1	1	2	4	2	4	4	18	0	0	2	11	6	6	1	2	1	1	0	0	1	4	4	3	0	0	5	2	1	4	4	6
TCGA-EE-A3AB-06A-11D-A196-08	1	0	0	2	6	3	1	1	0	3	0	0	2	1	1	0	2	1	1	1	1	2	3	3	0	1	0	3	1	4	0	7	5	8	1	5	22	39	13	31	0	7	1	3	28	100	30	34	1	3	1	5	0	1	2	1	5	1	2	0	2	0	0	1	10	22	23	16	11	19	12	23	31	31	38	47	6	6	3	4	1	3	0	1	1	2	2	4	0	1	1	3	0	3	2	1
TCGA-EE-A3AC-06A-11D-A196-08	0	1	0	0	11	4	5	0	0	0	0	1	1	3	2	3	1	2	1	1	3	1	4	2	0	2	0	0	0	4	2	1	1	31	6	9	67	102	25	83	1	30	0	21	115	257	99	87	0	1	2	4	1	3	1	0	0	0	1	1	1	4	1	4	1	2	0	2	1	0	1	7	3	2	1	10	2	4	5	5	1	1	0	0	0	3	1	3	0	0	6	2	0	1	1	1
TCGA-EE-A3AD-06A-11D-A196-08	0	0	0	1	5	1	5	2	2	0	0	0	0	0	0	1	2	0	0	0	2	2	3	0	1	0	0	1	1	0	0	1	2	10	2	5	43	57	14	36	0	13	2	8	42	105	43	31	0	0	0	0	1	0	1	2	1	0	1	0	1	1	0	1	0	0	2	0	0	1	1	2	2	1	4	5	1	3	1	3	0	1	0	0	0	1	1	1	1	0	0	0	1	1	1	1
TCGA-EE-A3AE-06A-11D-A196-08	1	0	0	3	3	7	1	2	2	0	1	1	1	2	0	1	0	1	1	0	1	0	1	2	1	1	0	0	1	1	0	2	3	24	4	5	125	169	43	121	0	20	2	31	209	447	142	116	0	2	1	5	0	3	0	5	0	2	0	1	1	4	3	5	2	0	1	3	0	5	2	7	0	1	2	7	7	3	0	7	0	0	1	3	0	3	2	3	0	0	2	0	1	2	1	3
TCGA-EE-A3AF-06A-11D-A196-08	1	3	0	0	7	1	0	4	0	1	0	0	2	3	0	4	0	1	0	1	1	1	0	1	1	1	0	1	3	0	1	4	5	30	1	8	69	107	27	83	1	33	5	15	69	240	69	72	2	2	0	3	1	0	0	2	1	0	2	1	2	0	4	4	2	0	2	3	0	0	0	2	1	4	1	11	5	3	3	3	0	1	0	3	0	4	3	3	0	0	4	2	0	1	1	0
TCGA-EE-A3AG-06A-31D-A196-08	2	0	1	1	10	4	7	6	3	2	1	1	3	5	4	2	0	1	2	1	4	2	6	5	0	0	0	2	1	0	1	4	5	55	1	23	130	206	47	150	1	54	1	30	182	458	157	151	1	0	5	3	0	0	2	8	1	1	1	1	2	1	1	4	2	1	4	3	4	2	2	4	0	2	1	15	1	1	5	5	0	1	1	2	0	5	1	1	0	0	0	1	0	3	1	3
TCGA-EE-A3AH-06A-11D-A196-08	0	0	0	0	4	0	1	0	0	0	0	1	2	0	1	0	0	1	0	0	0	2	0	0	0	0	0	0	0	1	0	0	0	13	0	0	35	35	6	33	1	6	4	6	37	106	26	34	2	0	1	2	0	1	0	0	0	0	0	0	0	1	0	1	0	1	1	3	0	1	0	4	0	0	0	5	1	0	0	1	0	0	1	0	0	0	0	0	0	1	0	1	0	1	0	2
TCGA-EE-A3J3-06A-11D-A20D-08	1	0	0	0	0	1	1	1	1	1	0	2	2	1	0	0	0	0	0	0	0	1	1	1	0	0	0	0	3	3	0	2	2	3	4	2	13	20	7	16	0	5	3	3	11	33	15	14	0	0	1	0	0	0	0	0	1	0	0	0	1	0	0	0	0	0	1	0	0	0	4	1	0	2	0	2	0	0	0	0	1	1	2	0	0	0	2	0	1	0	1	0	0	0	0	0
TCGA-EE-A3J4-06A-11D-A20D-08	1	0	0	0	2	0	0	1	0	0	0	1	3	1	0	1	0	1	0	0	0	2	1	1	0	0	0	1	1	0	0	2	2	6	4	1	14	21	10	22	2	8	4	4	32	69	20	22	0	1	1	0	0	0	0	0	0	0	1	1	0	3	0	5	0	0	2	0	0	0	1	2	0	2	0	3	4	3	0	5	2	1	1	1	0	7	1	4	1	0	1	2	1	4	1	3
TCGA-EE-A3J5-06A-11D-A20D-08	6	2	0	3	13	4	1	3	1	1	1	2	7	10	6	7	0	3	1	4	0	3	2	3	0	1	0	1	3	6	1	1	2	43	3	22	126	234	52	124	5	37	5	27	213	618	178	181	1	3	4	12	2	5	2	9	2	1	1	5	2	4	2	15	3	3	4	8	1	5	7	19	4	2	5	49	7	11	13	18	0	1	3	1	2	0	3	2	1	0	5	2	2	6	1	7
TCGA-EE-A3J7-06A-11D-A20D-08	2	0	1	1	5	4	2	8	1	1	0	0	3	5	0	2	0	2	0	0	1	0	1	6	0	2	0	0	0	0	1	2	1	18	10	15	72	127	35	91	4	19	16	21	77	205	87	95	1	1	0	6	1	4	2	2	0	2	0	1	1	0	5	3	1	2	3	1	1	4	5	8	3	3	3	7	5	4	7	7	0	1	1	1	0	5	3	3	0	1	2	1	1	2	4	4
TCGA-EE-A3J8-06A-11D-A20D-08	0	1	0	0	0	0	0	1	1	0	0	0	0	0	0	1	0	0	0	0	0	0	0	0	0	0	0	1	0	0	0	1	1	4	1	1	16	22	8	15	5	8	1	5	34	84	23	22	1	1	0	1	0	0	1	1	0	0	0	0	1	0	0	3	0	0	0	1	0	1	1	0	1	0	0	5	2	1	0	0	0	0	0	0	0	0	2	0	0	1	4	0	0	0	0	2
TCGA-EE-A3JA-06A-11D-A20D-08	1	0	0	1	1	0	0	3	1	2	2	0	0	2	0	3	0	0	0	0	1	0	1	1	0	2	0	0	0	2	0	2	2	24	1	3	78	103	32	78	2	15	0	19	129	325	102	94	0	1	1	4	0	0	2	1	1	0	2	3	2	1	1	5	2	2	0	0	0	0	3	6	0	2	0	4	1	0	3	2	1	0	1	2	0	1	6	1	0	0	0	0	2	0	1	0
TCGA-EE-A3JB-06A-11D-A21A-08	2	0	0	0	4	1	1	2	0	1	1	1	3	3	0	4	0	1	0	0	0	2	1	0	0	0	0	1	2	0	2	1	3	14	4	4	34	70	21	54	5	17	3	8	57	149	50	58	3	1	1	9	3	1	1	2	2	0	3	0	0	0	2	3	4	1	1	2	2	3	2	3	0	2	0	9	0	1	3	3	1	0	0	0	0	0	2	4	1	0	2	1	1	4	1	3
TCGA-EE-A3JD-06A-11D-A20D-08	2	1	0	2	8	4	2	2	0	2	1	0	10	4	0	5	4	3	0	0	2	5	0	1	2	0	2	3	1	4	0	5	5	80	2	20	236	299	63	279	4	82	2	60	338	804	369	236	3	4	3	11	3	5	2	7	0	3	4	5	5	7	2	17	3	1	6	9	9	4	8	19	3	3	2	46	11	9	17	9	0	0	5	2	1	3	8	4	0	0	5	3	1	4	3	6
TCGA-EE-A3JE-06A-11D-A20D-08	1	0	0	0	1	1	1	1	0	0	0	1	1	0	0	0	1	0	0	0	0	0	2	2	0	1	0	0	1	0	1	0	1	8	0	7	12	25	5	22	0	6	1	5	19	51	28	30	0	1	0	0	0	1	1	0	0	0	0	0	0	2	1	1	1	0	1	2	1	2	0	2	1	0	0	1	0	1	2	0	0	0	1	0	0	2	0	1	0	1	0	0	0	1	1	0
TCGA-EE-A3JH-06A-11D-A21A-08	0	1	0	0	0	0	0	0	0	0	0	0	0	0	1	0	1	0	0	1	0	1	1	0	0	0	0	1	0	2	0	0	1	10	4	3	11	17	10	16	1	5	2	4	21	37	17	12	1	0	0	0	0	0	0	0	0	0	0	2	0	0	0	1	0	0	0	1	0	0	0	0	1	0	0	2	0	1	2	0	0	0	0	0	0	0	0	0	0	0	2	0	1	0	0	0
TCGA-EE-A3JI-06A-11D-A21A-08	2	3	2	2	7	5	1	1	1	0	0	2	5	7	0	3	2	4	1	3	1	1	2	2	1	2	2	0	2	7	0	3	4	29	4	16	71	96	29	88	0	29	7	24	109	259	81	107	0	1	0	5	0	1	1	4	1	2	2	0	4	2	1	2	2	3	4	4	0	4	7	2	2	2	3	8	5	3	1	6	3	2	3	0	1	1	1	4	0	0	1	4	3	1	4	0
TCGA-ER-A193-06A-12D-A197-08	2	0	1	2	4	1	2	4	0	1	0	1	3	7	1	3	2	2	1	2	0	4	3	1	1	4	1	0	1	2	0	4	1	56	2	12	145	197	53	156	6	41	1	30	204	529	178	158	4	7	6	10	1	2	2	6	2	0	1	2	6	8	2	10	1	1	9	1	1	7	10	10	6	4	5	12	8	9	8	9	5	3	3	4	1	4	2	7	1	2	5	3	1	5	3	6
TCGA-ER-A194-01A-11D-A197-08	1	1	1	0	9	1	1	3	2	0	0	1	4	3	0	1	2	1	0	2	1	0	1	0	0	0	2	1	2	5	0	2	2	28	2	9	101	177	40	126	7	28	4	31	141	388	132	113	2	0	4	3	1	6	2	2	0	1	1	1	4	0	1	8	0	1	1	0	5	2	4	7	2	1	2	16	8	4	2	3	3	1	0	5	0	0	0	0	0	1	3	0	0	2	1	2
TCGA-ER-A195-06A-11D-A196-08	0	0	0	0	0	0	1	0	0	0	0	1	0	0	0	1	0	0	0	0	1	0	0	0	1	2	0	1	0	0	0	0	0	7	1	1	16	37	5	20	1	5	1	4	31	74	27	21	0	1	0	2	0	0	0	0	0	1	0	0	0	1	0	0	1	1	0	1	0	2	1	0	1	0	1	3	1	0	1	2	1	0	0	0	0	0	0	0	0	0	0	0	0	1	0	0
TCGA-ER-A196-01A-11D-A197-08	0	0	0	0	3	1	2	0	0	0	1	0	0	0	0	0	0	1	0	0	0	0	0	1	2	0	0	0	0	0	0	0	0	1	2	0	0	1	0	0	1	1	2	0	0	0	2	0	0	0	0	0	0	0	0	0	0	0	0	0	0	0	0	0	0	0	0	1	1	0	1	0	0	0	0	1	1	0	0	0	1	0	0	0	0	0	0	0	0	0	1	0	0	0	0	0
TCGA-ER-A197-06A-32D-A197-08	0	0	0	0	2	1	0	0	0	1	0	1	1	1	1	0	2	0	0	0	0	0	0	0	0	0	0	1	1	0	0	0	3	2	7	0	1	0	1	1	0	1	0	2	0	0	0	0	0	0	0	0	0	1	0	0	0	0	1	0	1	0	0	0	1	0	1	1	0	2	0	1	2	1	1	2	0	1	1	2	0	0	1	0	0	0	0	0	0	0	0	1	0	0	0	0
TCGA-ER-A198-06A-11D-A196-08	1	0	0	1	5	2	0	1	0	0	0	0	0	0	1	0	1	0	0	0	0	0	0	2	1	0	0	1	0	3	0	1	1	15	2	4	42	54	15	43	1	15	2	5	48	113	42	26	1	2	1	3	0	0	1	1	0	0	1	1	0	0	2	1	1	0	1	1	0	0	0	3	0	0	1	4	0	0	1	1	0	1	0	0	0	1	1	1	1	0	3	1	0	2	2	1
TCGA-ER-A199-06A-11D-A197-08	0	1	1	0	3	0	0	0	0	1	0	0	0	1	0	0	1	0	0	1	0	0	2	0	0	1	1	0	1	0	0	2	1	6	1	5	24	27	6	27	0	7	1	7	31	77	29	17	1	1	1	2	0	1	0	2	0	1	0	0	0	0	1	1	0	1	0	1	1	1	1	2	1	1	0	3	0	0	0	1	0	0	1	0	0	1	0	1	1	0	2	0	0	2	0	0
TCGA-ER-A19A-06A-21D-A197-08	0	1	0	1	0	0	1	0	0	1	0	0	1	3	0	0	0	0	0	0	1	0	0	1	0	0	0	0	0	0	0	1	0	10	0	6	27	32	14	47	0	11	0	7	53	128	44	48	0	0	0	0	0	0	0	1	0	0	1	1	1	0	1	2	0	0	0	1	1	0	1	2	0	0	1	0	2	3	1	0	0	0	0	0	0	0	0	1	0	0	2	1	2	1	0	1
TCGA-ER-A19B-06A-11D-A196-08	0	1	0	0	4	1	4	0	0	0	0	0	1	0	0	0	0	0	1	0	1	6	6	1	0	0	0	2	0	3	2	1	0	1	1	1	3	4	4	6	1	0	1	2	5	10	7	3	1	0	0	0	0	0	0	1	0	0	0	0	0	0	0	0	8	5	3	11	2	4	3	2	7	9	5	3	0	2	2	2	0	0	0	0	0	0	0	0	0	1	1	0	0	0	0	0
TCGA-ER-A19C-06A-11D-A196-08	0	0	0	0	3	0	1	0	0	0	0	0	0	1	0	0	0	0	0	1	0	0	0	1	0	0	0	0	0	1	0	0	0	1	0	1	7	7	2	11	0	1	2	1	14	24	5	12	0	0	1	0	0	0	0	1	0	0	0	0	0	0	0	0	1	0	0	1	0	0	2	1	1	1	0	1	0	1	1	0	0	0	1	0	0	0	0	1	0	0	0	0	0	0	0	0
TCGA-ER-A19D-06A-11D-A197-08	0	0	0	2	3	0	0	1	1	1	1	0	1	0	0	1	0	1	3	0	1	0	1	0	0	0	1	0	2	1	1	3	2	12	2	8	36	41	18	46	1	13	1	8	41	115	47	43	0	0	0	2	2	1	1	1	1	0	0	2	0	2	1	6	0	4	0	1	0	0	1	1	0	0	1	2	2	2	3	1	0	1	0	0	0	0	0	1	0	0	0	0	0	0	1	1
TCGA-ER-A19E-06A-11D-A197-08	4	3	0	1	2	2	0	2	0	2	0	0	3	1	1	2	2	0	2	0	2	3	0	0	1	2	0	2	4	1	0	2	1	17	3	7	28	34	12	25	0	19	1	6	42	96	46	34	0	1	1	1	0	1	1	3	0	0	0	0	0	0	1	2	4	0	1	3	0	2	0	1	1	2	3	6	3	4	1	1	1	0	1	2	1	1	1	1	1	1	2	0	0	1	1	0
TCGA-ER-A19F-06A-11D-A196-08	2	0	1	1	8	1	5	3	0	2	1	0	2	4	1	3	0	1	0	0	0	4	4	0	0	2	1	0	1	1	1	0	0	29	0	2	81	102	15	73	0	25	0	18	98	277	85	82	0	0	2	8	4	0	2	1	1	0	4	2	1	2	1	4	2	2	3	6	1	2	2	5	2	1	1	9	4	4	6	2	1	2	1	2	0	0	0	2	1	1	3	1	1	0	0	0
TCGA-ER-A19G-06A-11D-A196-08	0	0	0	1	2	3	2	4	0	0	1	0	1	1	2	0	0	0	0	1	2	1	1	0	0	2	0	0	1	0	0	0	0	17	2	9	39	60	17	42	1	11	4	6	46	131	50	35	0	1	0	1	0	0	0	1	0	1	0	1	2	0	0	2	0	1	1	1	1	3	4	2	3	4	1	7	4	3	0	1	0	0	1	1	0	3	2	4	1	0	3	1	1	0	0	5
TCGA-ER-A19H-06A-12D-A196-08	1	0	0	0	1	0	3	2	1	0	0	0	1	1	2	1	0	0	0	0	2	2	1	0	0	0	0	0	0	0	0	0	0	5	1	2	32	30	7	12	1	8	3	3	18	61	27	31	1	1	0	2	0	0	0	0	2	0	0	0	0	1	1	1	1	1	0	0	0	2	2	3	0	1	0	7	1	1	2	0	0	0	1	0	0	0	0	0	0	0	0	0	0	0	1	0
TCGA-ER-A19J-06A-11D-A196-08	0	0	0	0	0	0	0	1	0	0	0	0	0	0	1	0	0	0	0	0	1	0	1	1	0	0	0	0	2	1	1	0	0	5	3	1	16	21	6	11	0	8	1	0	27	67	24	14	0	0	0	1	0	0	1	0	0	0	0	0	0	0	0	1	0	0	0	1	0	1	3	1	1	2	0	1	1	1	0	4	0	0	0	0	0	1	2	0	0	1	3	1	0	2	0	0
TCGA-ER-A19K-01A-21D-A197-08	0	1	0	0	3	1	0	0	1	0	1	1	1	1	0	0	2	0	0	0	0	0	1	0	0	0	0	0	2	0	0	1	1	9	2	5	20	32	13	23	0	9	3	4	32	130	31	29	1	1	0	0	0	1	0	2	0	1	0	0	2	0	0	0	0	0	1	0	0	4	1	5	1	1	1	2	1	1	0	1	0	0	3	0	0	2	1	1	0	0	0	0	1	0	0	0
TCGA-ER-A19L-06A-12D-A197-08	1	0	0	0	0	1	0	0	0	0	0	0	0	0	0	0	0	1	0	0	0	0	1	0	0	1	0	0	0	0	0	2	0	0	0	1	2	5	4	7	0	1	0	1	6	14	4	1	0	0	1	0	0	0	0	0	0	0	1	0	1	1	0	0	0	0	1	0	1	0	1	0	0	0	0	0	1	0	0	0	0	1	0	0	0	0	1	1	0	0	0	0	0	0	1	0
TCGA-ER-A19N-06A-11D-A197-08	0	1	0	1	7	0	1	0	0	0	0	0	2	1	1	2	0	1	1	0	3	5	2	0	1	0	0	0	0	2	0	0	0	13	0	2	46	52	10	38	2	9	1	10	54	126	42	50	0	1	1	0	0	0	0	0	1	0	1	1	1	0	0	1	0	0	1	1	0	0	2	7	1	1	3	4	1	1	0	2	1	0	2	0	0	0	0	1	0	0	1	0	0	1	0	1
TCGA-ER-A19O-06A-11D-A197-08	0	0	0	0	1	2	0	0	0	0	0	0	0	0	0	0	0	0	0	0	1	0	0	0	0	0	0	0	0	0	0	0	2	3	0	1	9	20	4	11	0	8	1	3	21	51	22	11	2	1	0	1	0	0	0	0	1	1	0	0	0	0	0	0	0	2	0	0	1	1	1	0	1	0	2	2	0	0	0	0	0	2	2	0	0	0	0	0	0	0	1	0	0	0	0	0
TCGA-ER-A19P-06A-11D-A196-08	53	5	8	17	327	47	93	49	14	5	11	7	92	15	39	34	11	4	2	9	338	206	273	91	5	4	2	4	32	32	42	20	1	7	2	2	48	36	20	43	2	9	6	8	23	64	24	22	0	3	0	1	0	1	4	0	2	0	2	0	0	0	0	1	2	2	5	4	5	9	8	16	7	2	3	6	2	5	5	4	0	2	0	0	2	1	3	2	0	1	1	0	0	0	0	1
TCGA-ER-A19Q-06A-11D-A197-08	1	0	0	0	1	0	0	0	0	0	0	0	0	0	0	0	1	0	0	0	0	2	2	0	0	0	0	0	1	0	0	0	1	2	1	1	11	13	2	11	1	3	0	3	12	27	20	6	1	0	0	0	1	0	0	1	0	0	0	0	0	0	0	0	1	1	0	0	0	0	0	0	0	0	0	0	1	0	0	0	0	0	0	0	0	0	0	0	0	0	0	0	0	0	0	1
TCGA-ER-A19S-06A-11D-A196-08	0	1	0	1	2	1	1	0	0	1	0	0	0	0	0	1	2	2	1	0	1	0	1	0	0	0	0	0	0	1	0	0	1	7	1	2	15	20	4	16	2	5	2	3	23	61	11	10	1	1	1	0	1	0	1	0	0	0	1	0	0	0	1	0	0	0	4	0	0	2	1	4	3	2	3	2	1	1	0	0	0	1	0	3	0	0	2	0	1	0	2	0	0	0	3	1
TCGA-ER-A19T-01A-11D-A19A-08	0	0	0	0	0	1	0	3	1	1	0	0	0	0	0	3	1	0	0	2	1	1	0	1	0	1	1	2	0	0	0	2	2	0	1	0	0	5	3	1	0	1	0	0	2	3	0	2	1	0	2	0	0	0	0	0	0	2	0	0	0	0	0	0	0	1	1	0	0	2	0	1	0	0	0	2	0	0	1	1	0	0	0	0	1	1	0	1	1	0	0	0	0	0	0	0
TCGA-ER-A19T-06A-11D-A19A-08	0	1	0	0	1	3	2	1	1	0	0	0	0	0	0	2	0	0	0	1	1	0	1	0	0	1	0	1	1	2	0	2	2	0	3	0	1	2	2	2	0	1	1	0	0	1	1	0	1	1	0	0	0	0	0	1	0	0	0	0	0	0	0	0	0	0	0	0	1	0	1	1	0	2	0	3	0	1	0	0	0	0	0	0	0	0	1	0	0	0	0	0	0	0	0	0
TCGA-ER-A1A1-06A-11D-A197-08	0	0	0	1	2	1	1	0	0	0	0	0	0	0	0	0	1	1	0	1	1	3	2	0	0	0	0	0	2	2	0	0	0	11	0	4	16	33	4	35	0	5	0	6	17	70	11	32	1	0	0	0	1	0	0	1	1	0	0	0	1	0	0	0	0	1	1	1	2	0	0	2	1	1	0	8	0	2	3	1	0	0	1	0	0	1	0	0	1	0	0	0	0	2	1	0
TCGA-ER-A2NB-01A-12D-A196-08	1	0	0	1	3	0	2	2	1	1	0	1	1	1	0	0	1	0	0	1	1	1	0	0	1	0	0	1	2	5	0	1	0	0	4	1	0	3	6	1	3	2	4	1	1	3	4	0	0	1	0	0	0	0	0	0	0	0	1	0	0	1	0	0	1	1	0	1	0	1	0	1	1	3	1	1	0	0	0	0	0	0	0	0	0	1	1	2	1	0	0	1	0	0	0	0
TCGA-ER-A2NC-06A-11D-A197-08	0	0	0	1	1	1	2	2	0	0	0	0	0	3	1	0	0	0	0	0	0	0	2	0	0	1	0	1	2	0	0	2	0	9	1	8	33	37	10	30	1	7	0	5	41	105	35	31	2	0	0	1	0	1	0	0	0	0	0	0	0	0	0	1	0	0	0	1	0	3	2	3	2	0	1	1	2	0	1	2	0	2	0	0	0	1	0	1	0	0	0	0	1	0	0	0
TCGA-ER-A2ND-06A-11D-A196-08	1	0	0	0	1	1	1	0	1	0	0	0	1	3	1	0	0	0	0	0	0	0	0	1	0	0	0	0	0	1	0	0	0	3	3	2	4	3	4	7	0	5	2	4	5	18	7	4	0	0	1	0	0	1	2	0	0	0	0	0	0	0	0	0	0	0	0	2	0	2	1	0	0	2	4	4	2	1	0	0	1	1	4	0	0	0	2	1	0	0	1	0	0	0	1	0
TCGA-ER-A2NE-06A-21D-A196-08	1	0	0	0	2	0	1	3	0	0	0	0	1	1	0	0	0	0	1	0	0	1	0	0	0	1	0	1	1	0	1	2	0	6	1	0	11	16	1	10	0	7	0	4	17	28	10	6	0	1	0	1	0	0	0	1	0	0	0	0	0	0	0	0	1	1	4	0	1	1	1	2	2	2	2	2	0	0	0	0	1	0	0	0	0	0	0	0	0	0	1	0	0	0	0	0
TCGA-ER-A2NF-06A-11D-A19A-08	0	0	0	1	1	0	2	0	0	0	1	0	0	0	0	0	0	0	0	0	0	0	0	0	1	0	1	0	0	0	0	0	0	2	2	0	1	3	1	1	0	0	2	2	1	8	2	2	0	0	0	0	0	0	0	0	0	0	0	0	0	0	0	0	0	1	0	0	1	1	0	1	0	0	0	0	0	1	0	0	0	0	0	0	0	0	0	0	0	0	0	0	0	0	0	0
TCGA-ER-A2NG-06A-11D-A196-08	0	0	0	0	0	1	0	1	0	0	0	0	0	0	0	0	1	3	0	3	2	0	0	1	0	4	0	3	4	0	2	8	1	6	0	1	11	30	6	11	1	6	0	2	22	61	12	17	2	1	2	1	0	0	2	1	0	0	1	1	0	0	0	1	0	0	0	1	1	2	0	0	0	0	0	4	0	3	0	1	0	1	1	0	0	2	1	3	0	1	2	0	2	1	0	4
TCGA-ER-A2NH-06A-11D-A196-08	0	2	0	0	2	0	2	0	0	0	0	0	1	0	0	0	0	1	0	1	1	4	2	0	2	2	0	0	0	1	0	1	0	5	2	3	19	37	5	25	1	6	0	6	35	95	34	24	0	0	0	2	0	0	0	0	0	0	1	0	0	0	0	2	1	0	1	1	0	0	0	1	0	0	0	5	2	0	1	2	0	0	1	0	0	0	0	1	0	0	2	0	0	0	0	1
TCGA-ER-A3ES-06A-11D-A20D-08	0	0	1	0	0	0	0	0	0	0	0	0	1	1	0	0	0	0	0	1	0	0	0	0	0	0	0	0	0	0	0	1	0	0	3	0	1	0	0	0	0	0	2	1	0	1	2	0	0	0	0	0	0	0	2	1	0	0	0	0	0	0	0	0	0	0	0	1	0	0	0	1	0	0	0	0	0	0	0	0	0	0	1	0	1	0	1	1	0	0	0	0	0	0	0	0
TCGA-ER-A3ET-06A-11D-A20D-08	1	0	0	0	0	2	0	2	0	1	0	0	2	2	1	2	0	1	1	0	1	0	0	0	1	1	0	3	1	2	1	4	2	1	4	3	1	3	3	3	3	1	6	1	2	8	2	3	0	1	1	0	0	1	0	3	0	0	0	1	0	1	0	0	1	0	1	2	1	0	1	1	1	2	0	2	0	0	1	1	0	0	0	0	0	1	0	0	0	0	0	2	0	0	1	0
TCGA-ER-A3EV-06A-11D-A20D-08	1	0	0	1	0	4	0	1	0	0	1	0	2	0	1	0	3	0	2	0	1	3	0	3	1	1	0	0	5	1	1	5	2	1	4	1	0	2	2	3	1	1	6	1	1	5	0	4	0	0	1	0	0	0	0	0	1	0	0	0	0	0	0	0	1	1	2	1	0	0	2	2	0	0	0	0	0	1	1	1	0	0	1	1	0	0	1	0	0	0	0	0	0	1	0	1
TCGA-FR-A2OS-01A-11D-A21A-08	0	0	0	0	0	0	0	0	0	0	0	0	1	0	0	0	0	1	0	0	0	0	0	0	0	0	0	0	0	0	0	0	0	0	2	0	0	0	3	0	0	0	4	0	0	0	2	0	0	0	0	0	0	0	0	1	0	0	0	0	0	0	0	0	0	0	0	0	1	0	1	1	0	0	0	3	0	0	0	0	0	0	0	0	0	0	1	0	0	0	1	0	0	0	0	0
TCGA-FS-A1YX-06A-11D-A197-08	1	0	0	0	3	1	0	0	0	0	0	0	1	1	0	0	0	0	0	0	0	0	0	0	0	0	0	0	0	1	0	0	0	0	0	1	1	0	0	1	0	2	1	0	1	1	2	2	0	0	0	0	0	0	0	0	0	0	0	0	0	1	0	0	0	0	0	0	0	0	0	0	0	0	0	0	0	0	0	0	0	0	0	0	0	0	0	0	0	0	0	0	0	1	0	0
TCGA-FS-A1YY-06A-11D-A197-08	1	0	0	0	0	0	0	1	0	0	0	0	3	2	1	0	0	0	0	0	0	0	0	0	0	0	0	1	0	2	0	0	0	8	2	3	22	22	10	17	0	4	4	3	18	65	16	15	0	0	0	0	0	0	0	0	0	0	0	0	1	0	0	0	1	0	0	0	0	1	0	2	0	0	2	2	0	0	1	0	0	0	0	0	0	1	0	0	0	0	1	0	0	0	0	0
TCGA-FS-A1Z0-06A-11D-A197-08	0	1	0	1	0	2	3	1	0	1	0	0	1	1	0	1	1	0	1	0	3	2	3	0	0	1	0	0	0	2	0	0	1	7	2	3	18	30	9	18	2	4	3	6	30	52	22	25	1	0	0	0	0	1	1	3	0	0	0	0	1	2	0	2	1	1	2	1	2	0	1	4	0	0	0	6	0	2	0	1	0	0	0	1	0	0	0	0	0	0	0	3	0	0	0	0
TCGA-FS-A1Z3-06A-11D-A197-08	0	1	0	0	5	2	1	2	2	0	0	1	2	5	0	4	1	0	1	0	1	0	1	0	0	0	1	0	0	1	1	1	3	23	2	6	72	109	22	89	1	24	1	11	117	270	115	93	2	2	5	1	0	4	2	2	2	1	3	2	2	3	0	12	3	1	5	1	2	2	3	10	1	3	2	18	1	1	2	6	1	0	1	2	0	1	2	2	0	1	4	0	2	1	1	4
TCGA-FS-A1Z4-06A-11D-A197-08	0	0	0	0	0	0	4	1	1	0	0	0	0	0	0	0	0	0	0	0	0	1	0	0	0	0	0	0	0	0	0	0	1	1	1	0	0	4	0	3	0	1	1	2	2	13	2	1	0	0	1	0	0	0	0	0	0	0	0	0	0	0	0	0	0	0	0	0	0	1	0	3	1	0	0	1	0	0	0	0	0	0	1	0	0	0	0	0	0	0	0	0	0	0	0	0
TCGA-FS-A1Z7-06A-11D-A197-08	0	0	0	0	0	0	1	0	0	0	0	0	0	1	0	0	0	0	1	0	0	0	0	0	0	1	0	0	0	0	1	0	0	8	3	0	13	22	8	15	0	7	0	4	22	49	11	15	0	0	0	0	0	0	0	0	0	1	0	1	0	0	0	1	1	0	0	1	1	0	0	0	0	0	0	0	1	0	1	1	0	0	1	0	1	0	0	0	0	0	3	0	0	0	0	0
TCGA-FS-A1ZB-06A-12D-A197-08	1	0	0	0	7	0	10	1	0	0	0	0	1	1	3	0	0	0	0	0	1	0	0	1	0	0	0	0	2	0	0	1	0	4	2	0	18	25	4	21	2	4	1	3	27	64	28	23	1	0	0	1	1	1	1	0	0	0	0	0	0	1	0	0	1	0	1	1	1	0	0	1	0	1	0	3	1	2	1	1	0	0	0	0	0	0	0	0	0	0	0	0	0	1	0	0
TCGA-FS-A1ZC-06A-11D-A197-08	2	1	0	1	0	1	3	0	0	1	0	1	0	0	2	0	0	1	1	0	4	1	1	1	0	1	0	0	2	1	0	1	3	19	2	8	57	68	21	73	2	11	2	17	82	186	74	56	1	0	0	3	1	1	3	2	0	0	1	0	1	2	0	3	0	3	1	3	2	1	4	3	1	2	1	6	1	2	1	3	0	0	4	2	1	3	3	2	0	0	3	2	0	0	0	2
TCGA-FS-A1ZD-06A-11D-A197-08	0	0	0	1	3	2	1	0	0	0	0	0	2	1	0	2	0	0	0	0	1	3	2	0	0	0	0	0	0	0	2	0	0	10	0	1	13	23	8	20	1	7	2	2	24	58	17	23	1	1	0	1	1	0	0	0	0	1	1	1	0	0	0	0	1	0	0	3	1	2	0	1	1	0	1	6	1	2	1	0	0	0	3	1	0	0	0	2	0	1	5	0	0	1	0	1
TCGA-FS-A1ZE-06A-11D-A197-08	0	0	0	0	0	0	1	0	1	2	0	0	0	1	0	2	0	0	0	0	0	0	0	0	0	0	0	0	0	2	0	1	1	7	2	0	14	6	4	8	0	6	1	1	18	29	18	12	1	0	0	0	0	0	1	0	0	0	0	0	1	0	0	0	0	1	2	0	1	2	0	1	0	2	0	1	1	2	0	1	0	0	0	0	0	1	1	0	0	0	0	0	0	0	0	0
TCGA-FS-A1ZF-06A-12D-A197-08	1	0	0	0	0	0	2	0	1	0	0	0	1	3	0	1	0	0	0	1	1	1	0	0	0	0	0	0	0	1	0	0	0	6	2	4	12	15	3	10	2	4	2	2	15	45	21	20	2	0	1	1	0	1	1	1	0	1	1	0	0	2	1	1	2	0	2	0	1	0	2	1	0	0	1	4	0	0	1	2	1	0	0	0	0	1	1	0	0	0	3	0	0	0	0	1
TCGA-FS-A1ZG-06A-11D-A197-08	0	0	0	0	0	0	4	1	0	0	0	0	1	0	0	0	0	0	0	0	3	3	5	0	0	0	0	0	1	1	0	1	0	0	2	0	0	0	2	2	2	0	2	0	0	0	0	1	0	0	0	0	0	0	0	0	0	0	0	0	1	1	0	0	0	0	0	0	1	1	0	1	0	4	1	1	0	2	1	0	1	1	0	0	0	1	0	0	0	0	0	0	0	0	0	1
TCGA-FS-A1ZH-06A-11D-A197-08	0	0	0	0	0	2	0	0	0	1	0	0	0	0	0	0	0	0	0	0	0	1	0	0	0	0	0	0	1	0	0	0	0	0	1	1	0	4	3	1	1	0	1	1	1	1	3	3	0	0	0	0	0	1	1	0	0	0	0	0	0	0	0	0	0	0	0	0	1	1	2	1	0	1	0	1	0	1	0	0	0	0	0	0	1	0	0	0	0	0	0	0	0	1	0	0
TCGA-FS-A1ZJ-06A-12D-A197-08	1	1	0	0	0	0	3	1	0	0	0	1	0	2	0	0	0	0	1	1	1	2	2	2	1	0	0	1	1	0	1	0	0	0	4	0	2	2	0	0	0	0	4	1	4	4	1	4	1	0	1	1	1	2	1	0	1	0	0	0	0	0	2	0	0	1	1	2	0	1	1	1	1	1	1	0	0	0	0	0	0	0	1	0	0	0	0	0	0	1	0	0	0	0	0	1
TCGA-FS-A1ZK-06A-11D-A197-08	1	0	0	1	5	1	3	6	1	1	1	0	2	6	0	5	2	1	2	1	0	2	2	3	0	2	2	0	4	5	0	7	1	42	5	14	127	210	37	175	2	36	2	34	112	385	130	158	6	2	1	6	0	3	1	3	0	1	1	2	6	3	3	9	4	1	9	1	1	1	2	8	0	1	4	22	3	4	1	2	0	2	6	1	0	3	6	6	1	1	15	2	0	3	4	4
TCGA-FS-A1ZM-06A-12D-A197-08	1	0	0	1	4	2	3	1	0	0	0	1	1	2	0	0	0	0	0	0	2	1	4	2	0	0	0	0	1	0	0	2	2	4	1	2	16	31	8	15	0	4	2	5	16	56	25	20	0	0	0	1	0	1	1	0	0	0	1	0	1	0	0	1	2	0	0	0	0	0	2	2	0	1	1	3	1	1	4	0	0	0	1	0	0	0	1	1	0	1	0	0	0	0	1	2
TCGA-FS-A1ZN-01A-11D-A197-08	0	0	0	0	1	0	4	0	0	0	0	0	0	1	0	0	0	0	1	0	1	2	0	0	0	0	1	0	0	1	0	0	0	3	0	1	8	11	2	11	0	4	1	4	11	28	7	4	0	0	0	0	0	0	1	0	0	0	0	0	0	0	0	0	0	0	1	0	0	2	0	0	0	1	1	1	0	0	0	1	0	0	0	0	0	0	0	1	0	0	0	0	0	0	1	0
TCGA-FS-A1ZP-06A-11D-A197-08	0	0	0	0	8	2	12	1	1	0	0	0	0	1	1	1	1	0	0	0	4	4	4	0	1	2	0	0	0	0	1	2	0	11	0	1	32	35	11	29	1	14	3	5	64	114	46	34	0	2	2	0	0	2	1	2	0	0	1	0	0	0	1	1	0	1	0	1	1	0	3	1	0	0	0	8	1	1	2	1	0	0	1	0	0	0	0	0	0	0	2	0	1	0	0	0
TCGA-FS-A1ZQ-06A-11D-A197-08	0	0	0	0	3	0	4	2	0	0	1	0	0	2	0	0	1	0	0	0	1	1	0	2	1	0	0	0	2	0	1	1	0	10	1	3	40	38	15	40	0	8	1	17	63	160	46	49	0	2	0	1	0	0	0	2	0	2	0	0	1	1	0	3	0	0	0	0	1	3	0	6	0	1	0	3	0	0	2	4	0	0	0	2	0	2	0	7	0	0	0	1	0	0	0	0
TCGA-FS-A1ZR-06A-21D-A197-08	1	0	0	0	3	2	2	0	0	0	2	0	0	0	0	1	0	0	0	0	0	0	1	2	0	0	0	0	0	0	0	0	2	5	2	0	10	15	2	12	0	9	0	2	14	39	16	6	0	0	0	1	0	0	0	2	0	0	0	0	0	0	0	0	1	0	0	1	0	1	1	1	0	0	0	0	0	2	1	0	0	0	0	0	0	0	0	0	0	1	0	0	0	0	0	0
TCGA-FS-A1ZS-06A-12D-A197-08	1	1	0	0	2	0	1	1	0	0	0	0	1	3	0	0	0	0	0	1	0	1	0	0	0	0	0	1	0	2	0	2	1	10	4	9	16	27	5	20	0	4	4	3	28	70	21	18	0	0	0	3	0	0	1	0	0	0	1	0	1	1	0	0	2	0	1	1	1	1	3	2	0	1	0	2	0	1	3	1	1	0	0	0	0	2	0	1	0	0	0	0	0	1	1	0
TCGA-FS-A1ZT-06A-11D-A197-08	1	0	0	0	0	0	0	0	1	0	0	0	1	2	0	2	0	0	0	1	1	2	0	1	0	0	0	0	0	0	1	1	0	3	1	0	10	19	3	8	2	2	3	1	15	57	16	14	0	0	1	0	0	0	0	3	1	2	0	1	0	1	0	1	1	0	0	2	1	2	0	0	1	0	1	2	0	1	0	1	1	0	1	0	0	0	0	0	0	0	0	1	1	0	0	1
TCGA-FS-A1ZU-06A-12D-A196-08	1	0	0	0	1	1	1	0	0	0	0	0	1	1	0	0	1	0	0	0	0	0	0	0	0	1	0	0	0	0	0	1	2	0	2	0	0	0	3	1	0	1	4	0	1	3	6	2	0	0	1	0	0	0	0	0	0	0	0	0	0	0	1	1	0	0	0	0	1	0	0	1	0	2	0	0	1	0	0	0	0	0	1	0	0	0	0	0	0	0	2	0	0	0	0	1
TCGA-FS-A1ZW-06A-12D-A197-08	1	2	0	1	2	2	0	4	0	2	1	0	1	1	0	0	0	0	0	0	0	0	0	1	0	1	0	0	0	1	0	1	0	17	3	4	39	55	17	61	3	17	1	15	75	154	70	81	1	1	0	1	1	1	2	3	0	2	0	0	0	0	4	2	1	0	1	2	1	1	1	8	1	0	1	3	2	1	0	2	0	0	3	1	0	1	1	2	0	0	6	0	0	0	2	0
TCGA-FS-A1ZY-06A-11D-A197-08	0	0	0	0	2	1	0	0	0	0	0	0	0	0	0	0	0	0	0	0	0	0	1	1	1	0	0	0	0	0	0	0	0	0	1	0	1	3	1	2	1	0	3	0	3	1	2	1	0	0	1	0	0	0	0	0	0	0	0	0	0	0	0	0	0	0	0	0	0	0	1	0	0	1	0	0	0	0	0	0	0	1	0	0	0	0	0	1	0	0	1	0	0	0	1	0
TCGA-FS-A1ZZ-06A-11D-A197-08	0	0	0	1	5	2	3	2	2	1	0	2	4	3	0	1	3	0	0	0	1	3	4	4	0	2	0	0	1	2	0	3	3	38	0	7	119	133	27	110	2	38	2	34	204	472	197	130	2	1	3	4	0	2	1	2	0	1	0	1	3	3	1	15	1	1	2	1	1	1	5	9	2	0	1	21	5	4	2	1	0	0	1	1	0	2	2	3	2	1	5	3	0	5	2	1
TCGA-FW-A3I3-06A-11D-A21A-08	1	0	0	0	1	0	0	2	0	0	0	0	0	1	0	0	0	0	0	0	0	0	0	0	0	2	1	0	1	0	0	2	1	2	5	0	0	1	2	0	2	1	5	2	2	2	3	2	0	1	1	0	0	0	0	0	0	0	0	0	2	1	0	1	0	0	3	0	0	2	1	1	0	2	1	0	0	0	0	0	0	0	0	0	0	0	0	2	0	0	0	0	0	0	0	0
TCGA-GF-A2C7-01A-11D-A197-08	1	0	0	0	2	1	3	0	0	0	0	0	0	0	0	1	1	0	0	0	0	0	0	0	0	0	0	0	0	0	0	0	1	3	0	2	4	12	2	5	0	1	0	0	7	19	3	4	0	0	2	0	0	0	0	0	0	0	0	1	0	0	0	0	1	0	0	0	0	1	0	0	0	2	0	1	0	0	0	0	0	0	0	0	0	0	0	0	0	0	0	0	0	0	0	0
TCGA-GN-A262-06A-11D-A196-08	0	0	0	0	7	1	6	1	1	0	0	1	2	2	1	0	0	0	0	0	2	0	4	2	0	1	1	0	0	0	0	1	2	9	1	1	25	47	9	31	2	5	2	3	26	80	33	28	1	0	0	0	1	0	0	0	0	0	1	0	0	0	1	2	0	1	1	1	1	1	0	2	0	0	1	4	1	1	2	0	0	0	1	0	0	0	1	0	0	0	0	1	0	0	1	0
TCGA-GN-A263-01A-11D-A196-08	0	0	0	0	2	1	2	3	0	0	0	0	2	1	0	0	1	0	0	1	1	1	1	1	0	0	0	0	2	1	0	1	0	7	1	5	27	55	12	44	1	8	0	5	52	118	41	35	1	0	1	2	0	0	0	2	0	0	0	0	1	2	0	0	0	0	0	0	3	1	0	3	1	0	1	4	2	0	1	1	0	0	0	0	0	0	0	2	0	0	2	0	0	1	0	0
TCGA-GN-A264-06A-11D-A196-08	0	1	0	1	2	1	2	0	1	0	0	0	1	0	0	2	0	1	0	0	0	0	1	0	0	1	0	0	1	0	0	2	0	0	1	0	0	1	2	2	1	1	1	0	4	1	1	5	0	0	1	1	0	0	0	0	0	0	0	0	0	0	0	0	0	0	1	0	0	0	1	0	0	0	0	0	0	0	0	0	0	0	1	0	0	0	1	1	0	0	0	0	0	0	0	1
TCGA-GN-A265-06A-21D-A197-08	0	0	0	0	7	1	7	2	0	1	0	0	1	2	0	0	1	0	1	0	1	2	1	1	0	0	0	0	2	2	0	0	0	7	0	3	21	31	4	22	0	3	0	7	11	58	20	18	1	0	0	0	1	0	0	1	0	0	1	1	0	1	0	1	3	0	2	2	1	0	3	7	1	0	1	3	2	2	3	2	0	1	1	0	0	0	0	1	0	0	0	0	1	0	0	0
TCGA-GN-A266-06A-11D-A197-08	4	3	1	2	8	5	5	12	2	1	1	1	2	8	1	7	0	2	3	3	0	2	1	2	0	5	2	1	2	11	1	13	3	79	1	29	294	368	88	333	1	74	3	71	575	1109	423	344	2	2	3	13	2	10	1	9	0	0	0	4	3	8	11	25	2	1	4	2	5	7	8	20	3	0	1	19	8	8	8	18	1	1	2	1	2	7	1	6	0	1	2	2	1	7	3	10
TCGA-GN-A267-06A-21D-A196-08	0	0	0	1	2	1	1	1	0	1	0	0	1	1	0	1	1	0	0	0	0	2	0	1	1	0	1	0	1	1	0	2	3	10	1	4	21	35	13	36	1	8	3	4	40	87	27	42	0	0	1	0	1	0	0	0	0	1	0	1	0	4	1	1	0	3	1	2	1	5	1	3	0	0	0	3	0	1	0	2	1	0	1	1	0	1	1	2	0	0	1	0	0	0	0	0
TCGA-GN-A268-06A-11D-A196-08	0	1	0	0	4	0	0	2	1	0	0	0	0	4	0	0	0	0	2	0	2	0	0	1	1	0	1	0	1	1	0	0	0	12	1	0	21	34	9	15	2	10	2	5	40	98	32	26	0	1	0	1	0	0	2	0	1	1	1	0	1	0	1	1	0	0	1	0	1	2	2	2	0	1	2	5	3	2	2	0	0	0	1	0	0	0	0	0	1	0	2	1	0	0	0	0
TCGA-GN-A269-01A-11D-A19A-08	1	1	0	0	4	2	2	2	1	0	0	0	1	1	0	2	1	0	0	0	0	3	0	0	0	2	0	0	0	1	0	0	5	20	1	4	58	78	18	69	0	18	1	15	83	215	66	81	0	1	1	0	0	0	0	4	1	2	1	0	1	1	1	1	3	1	3	3	2	0	0	6	2	0	2	6	8	0	2	3	1	0	0	0	0	0	0	2	1	0	3	2	2	1	2	4
TCGA-GN-A26A-06A-11D-A19A-08	0	0	0	1	1	0	2	2	0	0	0	0	0	1	0	0	0	0	0	1	1	0	0	0	0	0	2	0	0	0	0	0	2	12	2	3	23	43	12	26	1	5	2	14	27	89	25	26	1	0	0	1	1	1	1	1	0	0	0	0	1	0	0	0	2	2	0	1	0	1	0	1	0	0	1	2	0	3	0	2	1	0	1	2	0	0	0	1	0	0	0	2	0	0	1	2
TCGA-GN-A26C-01A-11D-A19A-08	1	1	1	3	13	4	9	3	0	0	2	0	5	6	0	3	0	1	0	1	3	5	3	3	1	1	0	3	1	4	1	4	1	43	1	9	139	165	36	159	2	43	2	43	234	536	188	172	2	0	0	6	0	3	2	5	0	0	1	4	1	8	5	9	2	2	5	2	1	2	4	8	0	0	2	8	0	1	1	7	0	2	0	0	1	1	0	2	0	1	3	0	0	0	1	4
TCGA-GN-A26D-06A-11D-A19A-08	0	1	0	0	1	2	12	0	0	0	0	0	0	3	0	1	0	0	0	0	3	1	0	1	0	2	0	1	0	0	0	3	2	1	1	1	2	0	0	0	0	1	0	1	0	6	3	1	0	1	0	0	0	0	2	1	0	0	0	0	0	0	0	0	1	0	1	0	1	1	2	0	1	0	0	0	0	0	1	0	0	0	0	0	0	0	0	0	0	0	0	0	0	0	1	0
TCGA-HR-A2OG-01A-21D-A197-08	0	0	0	0	1	1	1	0	0	0	0	0	1	1	1	0	0	0	1	0	0	1	2	1	0	0	0	0	0	0	1	0	0	8	1	4	12	20	6	13	0	3	1	4	15	41	17	15	1	1	0	1	0	0	1	1	0	0	0	0	0	0	0	2	0	1	1	1	2	1	1	3	0	0	0	2	0	0	0	0	0	0	1	1	0	1	0	0	0	0	0	0	0	2	0	1
TCGA-HR-A2OH-01A-11D-A197-08	0	0	0	0	1	1	0	1	0	0	0	1	0	1	0	0	0	0	0	0	0	0	1	0	0	0	0	0	0	1	0	0	2	3	2	0	5	16	1	6	0	3	1	3	5	24	13	12	0	0	0	1	0	0	1	1	0	0	0	0	0	0	0	1	0	0	0	0	1	1	3	1	1	2	0	1	0	1	1	0	0	0	0	0	0	0	0	1	0	0	0	0	0	0	0	0
TCGA-IH-A3EA-01A-11D-A20D-08	2	1	1	2	6	1	0	2	1	2	1	1	5	3	1	3	1	3	2	1	1	2	1	2	1	1	0	1	6	5	0	3	0	34	2	5	116	149	29	115	0	53	6	20	184	483	149	117	2	2	5	4	1	3	1	3	1	0	5	2	0	0	2	3	2	0	1	2	2	0	2	4	2	1	4	19	8	5	2	1	0	3	1	0	0	1	3	0	2	1	6	1	3	1	1	0
